bias_len,bias_mult,entry_type,entry_len,entry_mult,n,hit,pnl,total
55,2,ema,14,2,5364,62.86353467561522,0.33718921606346275,1808.6829549644142
55,2,ema,14,3,2358,63.782866836301956,0.44067242136332235,1039.105569574714
55,2,ema,14,4,1699,62.03649205414949,0.17331458370996505,294.46147772323064
55,2,ema,21,2,3450,63.91304347826087,0.38834478402837164,1339.7895048978821
55,2,ema,21,3,1410,64.8936170212766,0.4185387070891627,590.1395769957194
55,2,ema,21,4,3052,62.68020969855832,0.11043214723529234,337.0389133621122
55,2,ema,34,2,1635,64.70948012232415,0.5112023029677862,835.8157653523306
55,2,ema,34,3,3605,62.940360610263525,0.19031312851295815,686.0788282892141
55,2,ema,34,4,7413,63.73937677053825,0.06992654244187083,518.3654591215884
55,2,ema,55,2,9454,62.96805584937593,0.13836741896557922,1308.1255789005859
55,2,ema,55,3,7326,63.52716352716353,0.07831190392780717,573.7130081751153
55,2,ema,55,4,5958,63.72943940919772,0.08977992199343654,534.9087752368949
55,2,vidya,14,2,2158,60.51899907321594,0.13778296240745228,297.335632875282
55,2,vidya,14,3,5038,63.47757046447002,0.16581317861810516,835.3667938780138
55,2,vidya,14,4,5739,64.94162746123018,0.05777365174118769,331.56298734267614
55,2,vidya,21,2,5992,64.08544726301736,0.10266919472006321,615.1938147626188
55,2,vidya,21,3,5413,64.45593940513578,0.0375546209480547,203.2831631918201
55,2,vidya,21,4,4508,64.79591836734694,0.03821041974002574,172.25257218803603
55,2,vidya,34,2,4174,63.655965500718736,0.05929743984364065,247.50751390735607
55,2,vidya,34,3,3406,65.03229594832648,0.12821439425561085,436.6982268346106
55,2,vidya,34,4,2922,63.82614647501711,0.09760838656772856,285.2117055509029
55,2,vidya,55,2,2545,63.1434184675835,0.14730536389361493,374.89215110925
55,2,vidya,55,3,2128,63.25187969924813,0.2798368002192974,595.4927108666649
55,2,vidya,55,4,1829,61.67304537998907,0.15812688091524785,289.2140651939883
55,3,ema,14,2,6425,64.59143968871595,0.20158399495113088,1295.177167561016
55,3,ema,14,3,3389,65.53555621127177,0.3803251879940568,1288.9220621118584
55,3,ema,14,4,1779,67.95952782462057,0.5218786946885943,928.4221978510092
55,3,ema,21,2,4513,65.49966762685575,0.2906279836907526,1311.6040903963665
55,3,ema,21,3,2336,67.0804794520548,0.4224569485534401,986.8594318208361
55,3,ema,21,4,1071,66.1064425770308,0.34035287491779936,364.5179290369631
55,3,ema,34,2,2681,66.43043640432674,0.4241765320477511,1137.2172824200206
55,3,ema,34,3,1103,67.36174070716228,0.5156501042638857,568.7620650030659
55,3,ema,34,4,1542,65.36964980544747,0.23921420124509782,368.86829831994083
55,3,ema,55,2,1089,66.57483930211203,0.6885627472405802,749.8448317449918
55,3,ema,55,3,7344,66.70751633986927,0.1467818564161089,1077.965953519904
55,3,ema,55,4,5958,67.15340718361867,0.17130991247868588,1020.6644585480104
55,3,vidya,14,2,1484,67.18328840970351,0.6505873873919085,965.4716828895921
55,3,vidya,14,3,1581,65.14864010120178,0.6085463397110231,962.1117630831275
55,3,vidya,14,4,3662,66.93063899508466,0.2171449196493856,795.18469575605
55,3,vidya,21,2,3031,66.05080831408776,0.2532294284266889,767.538397561294
55,3,vidya,21,3,4683,67.6916506512919,0.15258842550049778,714.5715966188311
55,3,vidya,21,4,4449,67.7006068779501,0.17366326192543108,772.6278523062429
55,3,vidya,34,2,4156,66.86717998075072,0.22998694603621883,955.8257477265255
55,3,vidya,34,3,3400,67.8529411764706,0.2723981536780241,926.1537225052821
55,3,vidya,34,4,2922,67.14579055441479,0.22808762154934342,666.4720301671815
55,3,vidya,55,2,2551,66.40533124264995,0.2815311157923365,718.1858763862504
55,3,vidya,55,3,2132,66.04127579737336,0.32612561183024874,695.2998044220903
55,3,vidya,55,4,1835,65.23160762942778,0.18000562813369445,330.3103276253293
89,2,ema,14,2,6657,64.83400931350458,0.1521592854650987,1012.924363341162
89,2,ema,14,3,3591,65.85909217488165,0.33163424923410356,1190.898588999666
89,2,ema,14,4,1995,67.66917293233082,0.466923917436138,931.5132152850953
89,2,ema,21,2,4718,65.89656634167021,0.24937830972800454,1176.5668652967254
89,2,ema,21,3,2540,66.85039370078741,0.38739734737116355,983.9892623227554
89,2,ema,21,4,1319,66.868840030326,0.2635886347728547,347.6734092653954
89,2,ema,34,2,2876,66.62030598052851,0.40447784484168325,1163.278281764681
89,2,ema,34,3,1320,67.65151515151516,0.4410195508341239,582.1458071010436
89,2,ema,34,4,1228,66.36807817589576,0.35950986354944225,441.4781124387151
89,2,ema,55,2,1285,67.00389105058365,0.5455551042030178,701.0383089008778
89,2,ema,55,3,1361,67.37692872887582,0.42661458020061555,580.6224436530377
89,2,ema,55,4,5498,68.04292469989088,0.1927353732197391,1059.6590819621256
89,2,vidya,14,2,1670,67.72455089820359,0.5837180072590791,974.8090721226621
89,2,vidya,14,3,1222,65.54828150572831,0.6840894180911627,835.9572689074009
89,2,vidya,14,4,2656,67.46987951807229,0.37339802129381516,991.745144556373
89,2,vidya,21,2,2100,66.9047619047619,0.3720794664428798,781.3668795300476
89,2,vidya,21,3,3863,68.4183277245664,0.18243853286414882,704.7600524542069
89,2,vidya,21,4,4162,68.78904372897645,0.226237918706198,941.6022176551961
89,2,vidya,34,2,4053,67.90032075006168,0.22399823562219734,907.8648489767659
89,2,vidya,34,3,3404,68.86016451233843,0.31912469856488707,1086.3004739148755
89,2,vidya,34,4,2930,68.12286689419795,0.27967181581671824,819.4384203429845
89,2,vidya,55,2,2557,67.65741102854909,0.3132779077835966,801.0516102026564
89,2,vidya,55,3,2137,67.43097800655124,0.3378390245318585,721.9619954245816
89,2,vidya,55,4,1839,66.34040239260469,0.22767662674640973,418.6973165866475
89,3,ema,14,2,7372,66.61692892023873,0.1823583556334129,1344.34579772952
89,3,ema,14,3,4320,67.36111111111111,0.2889202320053106,1248.1354022629416
89,3,ema,14,4,2663,69.99624483665039,0.4670169378654588,1243.6661055357167
89,3,ema,21,2,5444,67.32182218956649,0.23546101892599436,1281.8497870331132
89,3,ema,21,3,3256,68.24324324324324,0.3337280088476464,1086.6183968079367
89,3,ema,21,4,1895,69.23482849604221,0.2776439004747769,526.1351913997022
89,3,ema,34,2,3601,68.28658705915024,0.35219989276674785,1268.271813853059
89,3,ema,34,3,2022,70.12858555885262,0.43797249242309433,885.5803796794968
89,3,ema,34,4,1078,70.77922077922078,0.3428603337656495,369.60343979937016
89,3,ema,55,2,2004,69.26147704590818,0.42571012745163433,853.1230954130752
89,3,ema,55,3,947,71.80570221752905,0.3055404073967075,289.34676580468204
89,3,ema,55,4,609,71.42857142857143,0.30490790029736187,185.68891128109337
89,3,vidya,14,2,2376,69.94949494949495,0.4534945920684301,1077.50315075459
89,3,vidya,14,3,1177,70.51826677994903,0.55983041680936,658.9204005846167
89,3,vidya,14,4,897,71.7948717948718,0.5380019203714312,482.5877225731738
89,3,vidya,21,2,944,69.38559322033898,0.3248760801625092,306.6830196734087
89,3,vidya,21,3,1764,69.89795918367348,0.44693324458543426,788.3902434487061
89,3,vidya,21,4,2882,71.16585704371964,0.2594812503087551,747.8249633898322
89,3,vidya,34,2,3124,70.32650448143406,0.2265648348297686,707.7885440081972
89,3,vidya,34,3,3295,71.38088012139605,0.35270697174947124,1162.1694719145078
89,3,vidya,34,4,2922,70.94455852156058,0.343200962674539,1002.833212935003
89,3,vidya,55,2,2557,70.55142745404771,0.36406112258109125,930.9042904398503
89,3,vidya,55,3,2142,70.16806722689076,0.3413910220340093,731.2595691968479
89,3,vidya,55,4,1845,69.86449864498645,0.25480912630142993,470.1228380261382
100,2,ema,14,2,6938,65.46555203228596,0.05430363245203616,376.7586019522269
100,2,ema,14,3,3859,66.6753044830267,0.18243562319602236,704.0190699134503
100,2,ema,14,4,2230,69.37219730941703,0.2792027807356438,622.6222010404857
100,2,ema,21,2,4974,66.84760755930841,0.12141557633472427,603.9210766889186
100,2,ema,21,3,2798,67.94138670478912,0.17810640822817386,498.34173022243044
100,2,ema,21,4,1495,68.16053511705685,0.08831749327063267,132.03465243959585
100,2,ema,34,2,3139,67.53743230328129,0.25058326434908174,786.5808667917676
100,2,ema,34,3,1570,68.72611464968152,0.2579649462543662,405.00496561935495
100,2,ema,34,4,979,67.72216547497446,0.06932874281029733,67.87283921128109
100,2,ema,55,2,1555,67.84565916398714,0.2924169977766753,454.70843154273007
100,2,ema,55,3,681,69.30983847283406,-0.22891978250355488,-155.89437188492087
100,2,ema,55,4,4147,69.59247648902821,0.1848128899268974,766.4190545268435
100,2,vidya,14,2,1921,69.07860489328475,0.3061698268793682,588.1522374352663
100,2,vidya,14,3,1021,67.87463271302644,0.5677686898547435,579.6918323416932
100,2,vidya,14,4,1825,68.0,0.3466357753991161,632.6102901033869
100,2,vidya,21,2,1447,67.79543883897719,0.3788982513122996,548.2657696488975
100,2,vidya,21,3,3108,68.11454311454311,0.15721748751902553,488.6319512091314
100,2,vidya,21,4,3787,69.94982836017957,0.19749181615094202,747.9015077636175
100,2,vidya,34,2,3869,69.0876195399328,0.21976472261980198,850.2697118160139
100,2,vidya,34,3,3401,69.8029991179065,0.3110664551516765,1057.937013970852
100,2,vidya,34,4,2930,69.24914675767918,0.2743698843348646,803.9037611011532
100,2,vidya,55,2,2563,68.86461178306672,0.28059329623481194,719.160618249823
100,2,vidya,55,3,2140,68.3177570093458,0.30196365670815234,646.202225355446
100,2,vidya,55,4,1841,68.00651819663226,0.19574878124778888,360.37350627717933
100,3,ema,14,2,7579,67.15925583850112,0.11590566332929055,878.4490223726931
100,3,ema,14,3,4514,67.96632698272043,0.21356701303026523,964.0414968186172
100,3,ema,14,4,2860,70.13986013986015,0.32261902325476416,922.6904065086255
100,3,ema,21,2,5640,67.80141843971631,0.16745160057550132,944.4270272458274
100,3,ema,21,3,3451,68.7337003767024,0.23106382816248283,797.4012709887282
100,3,ema,21,4,2097,69.67095851216023,0.13120445062945105,275.13573296995884
100,3,ema,34,2,3799,68.49170834430113,0.23542556755772778,894.3817311518078
100,3,ema,34,3,2222,70.47704770477048,0.3017337329425383,670.4523545983201
100,3,ema,34,4,1269,71.39479905437352,0.10723003466502791,136.07491398992042
100,3,ema,55,2,2206,69.90027198549411,0.2971034266109406,655.4101591037349
100,3,ema,55,3,1145,72.31441048034935,0.015255573657146337,17.467631837432556
100,3,ema,55,4,541,72.82809611829944,-0.10306966768346328,-55.76069021675363
100,3,vidya,14,2,2574,70.27972027972028,0.3264756018670831,840.3481992058719
100,3,vidya,14,3,1374,71.10625909752547,0.3112043726230207,427.5948079840304
100,3,vidya,14,4,808,73.88613861386139,0.2833511935942388,228.94776442414496
100,3,vidya,21,2,994,70.52313883299799,0.04399229887147917,43.7283450782503
100,3,vidya,21,3,1191,69.43744752308984,-0.032780295536925526,-39.041331984478305
100,3,vidya,21,4,2298,71.5839860748477,0.3483475676222805,800.5027103960006
100,3,vidya,34,2,2603,70.95658855167115,0.2849560155480631,741.7405084716082
100,3,vidya,34,3,3143,72.28762328985047,0.27018499493582454,849.1914390832965
100,3,vidya,34,4,2895,72.05526770293609,0.28452125602950357,823.6890362054129
100,3,vidya,55,2,2550,71.45098039215686,0.29683848432050614,756.9381350172906
100,3,vidya,55,3,2142,71.1484593837535,0.3140199196406845,672.6306678703462
100,3,vidya,55,4,1844,70.7700650759219,0.19838070813343991,365.8140257980632
200,2,ema,14,2,8203,69.75496769474583,0.08970776012274617,735.8727562868869
200,2,ema,14,3,5127,70.06046420908913,0.14488595601801518,742.8302965043639
200,2,ema,14,4,3462,71.31715771230502,0.13991356529159452,484.3807630395002
200,2,ema,21,2,6267,69.98563906175204,0.09251222496355753,579.774113846615
200,2,ema,21,3,4062,70.45790251107829,0.09065264135693195,368.2310291918576
200,2,ema,21,4,2686,71.33283693224125,-0.055469433514782236,-148.9908984207051
200,2,ema,34,2,4415,70.03397508493772,0.14765371934051336,651.8911708883664
200,2,ema,34,3,2823,71.80304640453419,0.08235968395679498,232.5013878100322
200,2,ema,34,4,1862,74.06015037593986,-0.10846656860909804,-201.96475075014055
200,2,ema,55,2,2804,71.7546362339515,0.07042857515632116,197.48172473832452
200,2,ema,55,3,1742,73.93800229621125,-0.17950953272365355,-312.7056060046045
200,2,ema,55,4,1061,74.83506126295947,-0.34082625532402344,-361.61665689878885
200,2,vidya,14,2,3172,71.62673392181588,0.07191894929622353,228.12690716762103
200,2,vidya,14,3,1963,72.94956698930208,0.021147822892174983,41.513176337339495
200,2,vidya,14,4,1250,74.64,-0.26215259785330114,-327.6907473166264
200,2,vidya,21,2,1530,73.0718954248366,-0.249772345781446,-382.1516890456124
200,2,vidya,21,3,852,75.0,-0.6176527048222161,-526.2401045085281
200,2,vidya,21,4,734,73.84196185286103,0.034120348019965885,25.04433544665496
200,2,vidya,34,2,923,71.397616468039,0.2768299403473897,255.5140349406407
200,2,vidya,34,3,1848,71.48268398268398,0.2049621556830031,378.77006370218976
200,2,vidya,34,4,2258,73.25066430469442,0.2998802420692305,677.1295865923224
200,2,vidya,55,2,2306,73.93755420641804,0.33805626654691,779.5577506571744
200,2,vidya,55,3,2118,74.69310670443815,0.26238134899236926,555.7236971658381
200,2,vidya,55,4,1847,74.76989713048187,0.26218162049814747,484.2494530600784
200,3,ema,14,2,8526,71.19399483931504,0.12059273668047767,1028.1736729377526
200,3,ema,14,3,5445,71.38659320477502,0.17060876119853433,928.9647047260195
200,3,ema,14,4,3781,71.56836815657233,0.16741531921231048,632.9973219417459
200,3,ema,21,2,6573,71.58070896090065,0.14983713641894006,984.879497681693
200,3,ema,21,3,4377,71.51016678090016,0.1480032074809313,647.8100391440363
200,3,ema,21,4,3000,71.43333333333334,0.02053232412307015,61.59697236921045
200,3,ema,34,2,4722,71.24099957645066,0.1825016243301607,861.7726700870188
200,3,ema,34,3,3131,71.92590226764612,0.16278761909438852,509.68803538453045
200,3,ema,34,4,2161,74.17862100879222,-0.007191113850684257,-15.53999703132868
200,3,ema,55,2,3111,72.03471552555449,0.17145150007454496,533.3856167319094
200,3,ema,55,3,2048,73.828125,-0.12729599692282584,-260.7022016979473
200,3,ema,55,4,1356,75.14749262536873,-0.2759923371294042,-374.24560914747207
200,3,vidya,14,2,3498,71.81246426529445,0.11671584827107952,408.27203725223615
200,3,vidya,14,3,2276,72.75922671353251,-0.013478496279727447,-30.67705753265967
200,3,vidya,14,4,1543,75.43745949449125,-0.28458360191627313,-439.11249775680943
200,3,vidya,21,2,1836,73.63834422657952,-0.2370560301668332,-435.2348713863057
200,3,vidya,21,3,1112,75.89928057553958,-0.506408826767937,-563.1266153659459
200,3,vidya,21,4,653,77.33537519142419,-0.22706848344854075,-148.2757196918971
200,3,vidya,34,2,536,72.94776119402985,-0.6879092492282511,-368.7193575863426
200,3,vidya,34,3,764,72.38219895287958,0.7127809526541625,544.5646478277802
200,3,vidya,34,4,1366,73.42606149341142,0.5348488314169092,730.6035037154979
200,3,vidya,55,2,1629,75.4450583179865,0.34485372374709466,561.7667159840172
200,3,vidya,55,3,1912,75.83682008368201,0.25777784379504454,492.8712373361252
200,3,vidya,55,4,1801,76.12437534702943,0.19627784535676837,353.49639948753986
