t,S,pnl_pct,hold,flips,bias_len,bias_left,atr_pct,win
1644550200000,1,-9.890496675791937,71,1,72,71,8.9518967540086,False
1644797700000,-1,-5.561901414638437,164,1,368,164,1.1468458335408405,False
1645449300000,-1,11.926711223784281,843,7,1219,843,1.8342231990201983,True
1645641900000,-1,5.00279659436953,629,5,1219,629,1.196568263819413,True
1645920900000,-1,-4.835059323777524,319,3,1219,319,1.0399093452314787,False
1646001000000,-1,-8.326837219190697,230,1,1219,230,1.209242173257436,False
1646827200000,1,-9.290404331298241,549,3,732,549,2.2971039857104745,False
1646970300000,1,-1.6854984705662157,390,1,732,390,2.3576936665991837,False
1647568800000,-1,-14.728071901856588,114,1,389,114,1.0832008630837364,False
1648248300000,1,0.5554311310190352,593,1,1234,593,1.1717863168439013,True
1648989000000,1,-9.51128982369317,227,3,340,227,1.5386227512130257,False
1649133900000,1,-7.76748768472908,66,1,340,66,0.7739210589502634,False
1649421000000,-1,9.517741619290332,1061,9,1314,1061,1.0215739960495038,True
1649635200000,-1,9.219648915769286,823,7,1314,823,1.0983709876375587,True
1649854800000,-1,-5.654114684674383,579,5,1314,579,1.0078574738927606,False
1649945700000,-1,-1.6573977203898416,478,3,1314,478,1.1087444613651174,False
1650237300000,-1,-7.36842105263158,154,1,1314,154,1.029349216707118,False
1650502800000,1,-11.80461982675649,188,1,329,188,1.1546779798536468,False
1650980700000,-1,0.47821148903102184,787,1,1130,787,1.0826425540745075,True
1652524200000,-1,-22.1064384071455,729,7,1524,729,1.8454931623650777,False
1652706900000,-1,-15.909090909090917,526,5,1524,526,2.39225350531114,False
1652881500000,-1,-17.332220765287865,332,3,1524,332,1.8259797590884717,False
1653066900000,-1,-21.114802510151343,126,1,1524,126,1.9853420659393755,False
1654631100000,1,-3.199205166418273,247,0,406,247,1.1606348612573596,False
1654867800000,-1,13.090987774532081,969,5,985,969,1.8493385840600638,True
1655375400000,-1,-17.61346998535871,405,3,985,405,1.6803463687567581,False
1655538300000,-1,-19.077972131633558,224,1,985,224,2.060753060182754,False
1655977500000,1,12.934410181106216,1623,9,1887,1623,1.1790309769950709,True
1656244800000,1,1.8091560948703789,1326,7,1887,1326,1.0245131878990636,True
1656403200000,1,4.910765033534159,1150,5,1887,1150,1.1324599105343607,True
1656620100000,1,-7.096839138312849,909,3,1887,909,2.2275537121947946,False
1656895500000,1,1.0400700678782737,603,1,1887,603,1.1225047827431303,True
1657962900000,-1,-2.836240855374217,43,1,626,43,0.5814783843330384,False
1658450700000,1,-6.674026495383378,86,1,585,86,0.828918052223348,False
1659459600000,1,1.976137211036555,681,3,1206,681,1.5669358497802883,True
1659906000000,1,-5.7627702644499905,185,1,1206,185,0.5567968719764999,False
1660263300000,-1,23.14465408805031,1708,9,1920,1708,0.9966589693769843,True
1660487400000,-1,23.38557993730408,1459,7,1920,1459,0.6137035008810915,True
1660737600000,-1,14.125087842586082,1181,5,1920,1181,0.7599315873641938,True
1661152500000,-1,-1.5673236760864517,720,3,1920,720,0.8299505164025839,False
1661492700000,-1,-1.6397338403041806,342,1,1920,342,0.7879186725442103,False
1661917500000,1,-8.987591325524747,643,5,773,643,0.7156921642578851,False
1662314400000,1,-6.28134702651063,202,3,773,202,0.4498792785992213,False
1662424200000,1,-8.317757009345783,80,1,773,80,0.8083389927230308,False
1663539300000,-1,-2.7063058258898876,1407,8,1880,1407,1.635462801456598,False
1663796700000,-1,-4.987735077677846,1121,6,1880,1121,1.474413559567603,False
1663930800000,-1,-1.7701453104359333,972,4,1880,972,0.8138170926767054,False
1664301600000,-1,-4.61705594785442,560,2,1880,560,0.9618957394873239,False
1664712900000,-1,-2.91210259150414,103,0,1880,103,0.5066297633550914,False
1664809200000,1,-3.582514226590783,384,1,388,384,0.6563293047488049,False
1665387000000,-1,20.41265474552957,1550,7,1808,1550,0.31697698126725915,True
1665749700000,-1,10.502706883217316,1147,5,1808,1147,0.32383537423290204,True
1666084500000,-1,7.423999999999998,775,3,1808,775,0.5663732801942015,True
1666629900000,-1,-6.458141674333029,169,1,1808,169,0.5917044967025383,False
1666972800000,1,-8.313908313908314,284,1,496,284,1.6186973624010548,False
1668176100000,-1,1.5459160129210892,1083,9,1522,1083,1.8374855611271241,True
1668591000000,-1,-3.017865765330763,622,7,1522,622,0.7007068294342677,False
1668796200000,-1,-6.223549912870308,394,5,1522,394,0.5401766071279883,False
1668944700000,-1,-4.9692496924969465,229,3,1522,229,0.7336897731443004,False
1669102200000,-1,-9.270166453265038,54,1,1522,54,0.7293497189389037,False
1669561200000,1,-6.622965641952982,99,1,222,99,0.6386367498209422,False
1671428700000,-1,-10.509631797122655,82,1,297,82,0.6279058368007674,False
1671764400000,1,-3.6054421768707545,127,1,418,127,0.5286634354067122,False
1672115400000,-1,4.19847328244275,612,3,875,612,0.2637321792624887,True
1672541100000,-1,-5.13089005235603,139,1,875,139,0.315195234147658,False
1672797600000,1,122.72047832585953,3554,25,3700,3554,0.5904617606458646,True
1673026200000,1,115.05893673322105,3300,23,3700,3300,0.5680782192675276,True
1673191800000,1,108.68347338935575,3116,21,3700,3116,0.5251153277778643,True
1673483400000,1,79.44600562023285,2792,19,3700,2792,0.81081671070217,True
1674180900000,1,51.860030575845094,2017,17,3700,2017,0.7124407722228838,True
1674395100000,1,36.2389515391649,1779,15,3700,1779,0.748515434548205,True
1674631800000,1,25.192550063016395,1516,13,3700,1516,1.3098174444543378,True
1674865800000,1,28.83700821444013,1256,11,3700,1256,0.9574842164678068,True
1675002600000,1,33.35322195704058,1104,9,3700,1104,0.7811177471679391,True
1675142100000,1,29.565217391304355,949,7,3700,949,1.0332153201421908,True
1675284300000,1,12.722229227083591,791,5,3700,791,2.0185222342009626,True
1675701900000,1,-2.752093984553461,327,3,3700,327,1.423548478687503,False
1675952100000,1,-17.344674556213015,49,1,3700,49,2.182080601821185,False
1677223800000,-1,-4.386741418314144,390,3,914,390,0.827295019020362,False
1677495600000,-1,-12.010554089709746,88,1,914,88,0.6409232627356996,False
1677927600000,-1,-7.166156982670735,99,1,290,99,0.802764719599992,False
1678155300000,1,-13.219635444865553,178,3,332,178,1.0157996031000542,False
1678241700000,1,-14.156922252967963,82,1,332,82,1.340942725774179,False
1679022900000,1,0.4463586530931929,395,1,784,395,1.7692985621732369,True
1679536800000,-1,1.4708412179597508,602,3,778,602,1.781591847514385,True
1679903100000,-1,-7.994720467615735,195,1,778,195,0.8746671068180022,False
1680309000000,1,-6.691974927165189,157,1,413,157,0.5960226198685713,False
1681025400000,-1,-6.545202495296576,168,1,361,168,0.4752688799724467,False
1681307100000,1,-0.07187135028298153,527,1,672,527,1.1031200492093638,False
1681891200000,-1,3.731203007518802,697,5,819,697,1.6109379639791053,True
1682273700000,-1,-9.014474244359306,272,3,819,272,0.8072383386016162,False
1682408700000,-1,-9.25866666666666,122,1,819,122,0.565323944309121,False
1682601300000,1,-2.1897810218978075,336,1,428,336,1.2713707934486813,False
1683224100000,-1,12.92796798577145,1277,5,1633,1277,0.508744555775315,True
1683781200000,-1,-4.176087245644355,658,3,1633,658,0.66478044362717,False
1684217700000,-1,-4.2454085706680855,173,1,1633,173,0.47911975642989924,False
1685211300000,-1,-5.665566556655666,110,1,393,110,0.42994535765088004,False
1685871000000,1,-11.19883396088911,134,1,317,134,0.6880430991373185,False
1686131100000,-1,10.247103169063243,959,7,1114,959,0.724757790568985,True
1686364200000,-1,7.6823664560597305,700,5,1114,700,1.0720468435897856,True
1686694500000,-1,-4.502600780234078,333,3,1114,333,0.4748616743922868,False
1686923100000,-1,-7.778709136630346,79,1,1114,79,0.569866310208788,False
1687288500000,1,10.177404295051362,808,5,1135,808,0.7631250494947598,True
1687666500000,1,-5.963607384778857,388,3,1135,388,0.6374073877630557,False
1687786200000,1,-5.826017557861141,255,1,1135,255,0.8547295590301414,False
1689192000000,-1,-8.223972003499558,87,1,760,87,0.5380577441199592,False
1689414300000,1,-4.749443935627373,322,1,482,322,0.6676905055492639,False
1690090200000,1,-6.210526315789478,123,1,260,123,0.4306257550919463,False
1690678800000,1,-3.881366860090263,497,3,682,497,0.7508581146675648,False
1690854300000,1,-2.472850974748142,302,1,682,302,0.6326999737035547,False
1691423100000,-1,16.865815135283626,1600,7,1930,1600,0.5919727836419053,True
1691614800000,-1,15.731588472782976,1387,5,1930,1387,0.3876844074674158,True
1692126900000,-1,6.8482610033856695,818,3,1930,818,1.6308968269326576,True
1692559800000,-1,0.44407894736843145,337,1,1930,337,0.3881801489467281,True
1693194300000,-1,-3.925035360678919,164,3,457,164,0.44086365746926154,False
1693291500000,-1,-5.02054672145793,56,1,457,56,0.3574679336648584,False
1693883700000,-1,2.795261014439099,1054,7,1449,1054,0.5114166264382959,True
1694079900000,-1,3.10020298948146,836,5,1449,836,0.2331305415855006,True
1694196000000,-1,3.207373271889391,707,3,1449,707,0.31285293017229077,True
1694549700000,-1,-7.294646505925617,314,1,1449,314,0.5351904746738635,False
1695033900000,1,13.384072767774292,497,1,721,497,0.537244961788042,True
1695714300000,-1,-1.2788154130910279,476,3,735,476,0.4260104748851429,False
1695990600000,-1,-6.474438351317868,169,1,735,169,0.5515070040127029,False
1696746600000,-1,1.9721367830649594,771,3,1272,771,0.3381797484629443,True
1697175000000,-1,-5.4701187463499945,295,1,1272,295,0.3597949471270672,False
1698867900000,1,23.484046574928175,563,1,1746,563,0.8928138139498563,True
1699891200000,1,8.508351248553003,1324,11,1710,1324,2.0783560411922632,True
1700052300000,1,10.986129905277409,1145,9,1710,1145,1.2493808362766246,True
1700194500000,1,9.413039853259964,987,7,1710,987,1.371665027484485,True
1700338500000,1,15.48886737657309,827,5,1710,827,0.7912029365939339,True
1700650800000,1,-4.169709361764273,480,3,1710,480,1.2165421261494442,False
1700954100000,1,-7.564978516588006,143,1,1710,143,0.5364713656120355,False
1701252900000,-1,-4.012990025516117,193,1,382,193,0.6910902416593049,False
1701794700000,1,35.95390699577254,1176,9,1585,1176,1.06821881886109,True
1701924300000,1,38.49413072167813,1032,7,1585,1032,0.7872677430221251,True
1702297800000,1,-0.8946766737909284,617,5,1585,617,1.9129545175823714,False
1702510200000,1,-3.0864197530864113,381,3,1585,381,1.2435276696796624,False
1702658700000,1,-8.645651974709057,216,1,1585,216,1.3615206141052254,False
1703061900000,1,6.13289461657982,829,7,946,829,1.0217610742732226,True
1703296800000,1,-0.2833834263632484,568,5,946,568,1.3736988962862522,False
1703481300000,1,-8.103830326052552,363,3,946,363,1.1678432895977258,False
1703668500000,1,-4.729868318496944,155,1,946,155,1.1251260444440065,False
1704439800000,-1,-4.608361364728486,552,5,714,552,0.9284574385056685,False
1704670200000,-1,-15.35689682581738,296,3,714,296,1.1042993946547515,False
1704805200000,-1,-15.11898466419883,146,1,714,146,1.2446341526851352,False
1705536900000,-1,5.951560500147679,863,5,1151,863,0.5321964283414274,True
1705891500000,-1,-1.4281163729029656,469,3,1151,469,0.9580166299724455,False
1706202000000,-1,-7.054802196570664,124,1,1151,124,0.7404450027179993,False
1706511600000,1,57.83367505125769,2408,15,2628,2408,0.6313788818810366,True
1706814000000,1,57.975874668401815,2072,13,2628,2072,0.878638647646898,True
1707130800000,1,42.12635655423966,1720,11,2628,1720,0.7465789832081506,True
1707325200000,1,39.98935509624768,1504,9,2628,1504,0.4903064689155295,True
1707855300000,1,3.863367118599448,915,7,2628,915,0.9794495658435524,True
1708214400000,1,-0.4667297382529023,516,5,2628,516,0.8013694862563321,False
1708424100000,1,-8.476149050311733,283,3,2628,283,1.0974915779727832,False
1708561800000,1,-7.834720397138273,130,1,2628,130,0.9108373829253568,False
1709424000000,1,-8.242150333016173,197,1,681,197,0.7588581167637466,False
1710133200000,1,-7.347573914273586,338,1,709,338,1.1297378642519338,False
1711067400000,-1,-3.827497078922204,276,1,976,276,0.8265512800724486,False
1711719000000,1,-5.120115679121884,292,1,740,292,0.8207662580286625,False
1712176200000,-1,-8.103019805708245,444,5,660,444,0.7431971029098399,False
1712271600000,-1,-3.3886708199791116,338,3,660,338,0.6872069132792878,False
1712541600000,-1,-7.375271149674623,38,1,660,38,0.45764617257442136,False
1712845800000,-1,17.09028535786684,869,3,1045,869,0.8992897444761135,True
1713201300000,-1,-3.8882375928096735,474,1,1045,474,1.6902169163122789,False
1714350600000,-1,-1.522794327591126,351,3,705,351,0.5830106659768627,False
1714475700000,-1,-7.7746905784289,212,1,705,212,0.8696342318568507,False
1714930200000,1,-8.824946349581753,261,3,554,261,0.7024520796058925,False
1715088600000,1,-6.081385906343062,85,1,554,85,0.7669916544927862,False
1715433300000,1,-6.662545807761933,148,1,279,148,0.9499264814739389,False
1715667300000,-1,-13.771420342725493,135,1,247,135,0.9570742521008204,False
1716466500000,1,-7.358374384236443,283,3,537,283,0.8569196605277756,False
1716586200000,1,-3.2125768967874224,150,1,537,150,0.7478152608645795,False
1716858900000,-1,1.8814235963645731,767,3,920,767,0.6017070860567545,True
1717320600000,-1,-6.054902680866681,254,1,920,254,0.5333972309147813,False
1718056800000,-1,19.874455806418958,1929,15,2234,1929,0.59712158829853,True
1718250300000,-1,15.117713305089298,1714,13,2234,1714,0.7510592338862835,True
1718508600000,-1,7.433183227089302,1427,11,2234,1427,0.438941773887709,True
1718676900000,-1,-4.296257248286772,1240,9,2234,1240,2.7695902508270445,False
1718993700000,-1,-3.1476050830889557,888,7,2234,888,0.9368205502595697,False
1719156600000,-1,-4.717168375785641,707,5,2234,707,0.5333617192708551,False
1719405000000,-1,-3.6745922578109713,431,3,2234,431,0.5280347083205617,False
1719596700000,-1,-4.578790882061434,218,1,2234,218,0.7686558868512833,False
1720329300000,-1,-4.363097096472068,580,5,877,580,0.8318972979044384,False
1720650600000,-1,-7.156595608270555,223,3,877,223,0.7391067634539046,False
1720741500000,-1,-9.124296090753269,122,1,877,122,0.6109363891222156,False
1721155500000,1,0.22513574361011646,628,5,966,628,0.7604994615552713,True
1721407500000,1,-2.2222222222222254,348,3,966,348,0.9217444721064666,False
1721599200000,1,-10.60713442003307,135,1,966,135,1.0787422757274197,False
1721856600000,-1,-5.711033743974281,213,1,364,213,0.7799284241154093,False
1723047300000,-1,-8.231125647315341,116,1,866,116,1.1672895187288899,False
1723367700000,1,-7.09365261604068,38,1,278,38,0.49926412984563284,False
1724030100000,-1,-8.907547686410533,114,1,418,114,0.6542835504594158,False
1724208300000,1,15.370100351659666,1029,9,1113,1029,0.5541374137295183,True
1724616000000,1,-10.778721146192627,576,7,1113,576,0.8233911857562778,False
1724733000000,1,-9.633859590191463,446,5,1113,446,0.8932009286940191,False
1724844600000,1,-6.9070523911689445,322,3,1113,322,1.2168084537529391,False
1725066000000,1,-9.960506057969077,76,1,1113,76,1.3382514772662624,False
1725507900000,-1,-6.294706723891275,443,1,858,443,0.6441014883854161,False
1726244100000,1,-4.110641567422213,270,3,645,270,0.9415031846237343,False
1726349400000,1,-5.217589428115743,153,1,645,153,0.4487763846145994,False
1726704900000,1,15.338573591980964,1217,7,1359,1217,0.823673560055292,True
1726927200000,1,-0.08745627186407257,970,5,1359,970,0.6477110759479426,False
1727339400000,1,-11.89820425250634,512,3,1359,512,0.791598531279914,False
1727629200000,1,-12.366445674209636,190,1,1359,190,0.8356579822396338,False
1728149400000,-1,-3.3156063291970517,661,3,1049,661,0.5997424899077457,False
1728300600000,-1,-5.50452564532351,493,1,1049,493,0.9194538772431389,False
1728880200000,1,-4.942254338989615,345,1,496,345,0.9848675679724547,False
1729405800000,1,-5.865355056870591,200,1,305,200,0.819952440932634,False
1729826100000,-1,18.234363173467294,1182,5,1449,1182,0.44177494639369264,True
1730288700000,-1,13.085137507314226,668,3,1449,668,0.5350023772350594,True
1730739600000,-1,-14.051252519435643,167,1,1449,167,0.8974138516354622,False
1731131100000,1,-5.486880931493743,531,1,799,531,0.9860663511364773,False
1731918600000,1,40.435906908016264,2017,9,2200,2017,0.7772014640911258,True
1732197600000,1,37.15275272386176,1707,7,2200,1707,1.4738076289386022,True
1732508100000,1,9.06587101216434,1362,5,2200,1362,1.3912761037391623,True
1732734900000,1,8.25834377491741,1110,3,2200,1110,0.7597895992798571,True
1733186700000,1,-8.575826078591698,608,1,2200,608,1.2106325434836982,False
1734345000000,-1,16.61007357102433,818,5,977,818,0.7670171672090128,True
1734416100000,-1,16.19269707655556,739,3,977,739,0.7229674564384758,True
1734789600000,-1,-4.548034624662978,324,1,977,324,1.3959948947142433,False
1735483500000,-1,-1.119861281699297,374,5,685,374,0.6399468569182761,False
1735569900000,-1,-5.701986254814573,278,3,685,278,0.9628729363490806,False
1735687800000,-1,-5.773881499395417,147,1,685,147,0.6326098951621925,False
1735906500000,1,-6.04942568743475,402,3,498,402,0.7257807774099732,False
1736145000000,1,-8.520300955737826,137,1,498,137,0.6383671328480389,False
1736718300000,-1,-9.657601572739182,269,3,769,269,0.4454590332437604,False
1736945100000,-1,-14.693283070596298,17,1,769,17,0.6451631692036396,False
1737254700000,1,-7.710037174721185,42,1,369,42,1.0058343413422666,False
1737438300000,-1,27.477595057861304,1831,15,1993,1831,1.099835636637744,True
1737569700000,-1,30.221850146504803,1685,13,1993,1685,0.7868642632203162,True
1737760500000,-1,29.74544841537423,1473,11,1993,1473,0.6493858390399867,True
1737936000000,-1,29.845972561232216,1278,9,1993,1278,0.840902477694964,True
1738072800000,-1,26.24546500309708,1126,7,1993,1126,0.6886141790195596,True
1738392300000,-1,25.64011062539031,771,5,1993,771,0.5798114017079833,True
1738652400000,-1,-1.9946157611355764,482,3,1993,482,1.3700653223490604,False
1738965600000,-1,-11.969371305749599,134,1,1993,134,1.0159548606840458,False
1739252700000,1,-8.860315604909418,78,1,263,78,0.7897788008167862,False
1739446200000,-1,-6.644811499180436,398,3,535,398,0.6323051743825993,False
1739628900000,-1,-6.403321172474508,195,1,535,195,0.6056960041768391,False
1740933000000,1,-12.44974537657464,108,1,262,108,1.5234154294393585,False
1741272300000,-1,12.880114631428107,791,7,1060,791,0.8443333666169952,True
1741632300000,-1,-12.292222450236,391,5,1060,391,1.8431259886329456,False
1741761900000,-1,-8.185053380782925,247,3,1060,247,0.8073128737296882,False
1741885200000,-1,-6.417736289381559,110,1,1060,110,0.8691654274779991,False
1742205600000,1,-5.899807994414374,386,3,632,386,0.7340105249288977,False
1742371200000,1,-5.7022914115794965,202,1,632,202,0.6521754269975989,False
1743042600000,1,-11.417088419172373,108,1,552,108,1.5899050781567419,False
1743552000000,-1,19.155470249520157,941,5,1399,941,0.6846312843711304,True
1744136100000,-1,-9.289050337311888,292,3,1399,292,1.16483843732857,False
1744264800000,-1,-4.128553770086518,149,1,1399,149,0.6007345242288573,False
1745325900000,1,7.488479262672798,783,5,1193,783,2.2379402658148164,True
1745517600000,1,-5.805148914689562,570,3,1193,570,1.0277438997799209,False
1745831700000,1,-5.487084247847385,221,1,1193,221,0.7317721300318256,False
1746466200000,-1,-6.971241354204594,251,1,443,251,0.6982085544095948,False
1747035000000,1,-11.122909477037425,296,3,677,296,1.1987340396833643,False
1747146600000,1,-6.480446927374306,172,1,677,172,1.1242865246074831,False
1747599300000,-1,-12.092130518234168,337,3,668,337,1.1180138896825251,False
1747752300000,-1,-10.258023914411574,167,1,668,167,0.7839841305844746,False
1748287800000,-1,6.841432225063948,747,7,982,747,0.6801403883192046,True
1748425500000,-1,7.403876707975843,594,5,982,594,0.5480807796870645,True
1748538900000,-1,5.343511450381689,468,3,982,468,0.7648844912316854,True
1748859300000,-1,-8.812546676624343,112,1,982,112,0.6482610932208142,False
1749246300000,-1,-10.536858974358964,374,5,527,374,0.6959468900714916,False
1749360600000,-1,-6.29936428433826,247,3,527,247,0.42086895317593576,False
1749434400000,-1,-6.813782423538517,165,1,527,165,0.523511508537816,False
1749658500000,1,-10.3877623621487,75,1,159,75,1.3531970037376462,False
1749930300000,-1,11.201764057331864,872,3,1099,872,0.6303653957252348,True
1750118400000,-1,7.21198156682028,663,1,1099,663,1.4648930139010126,True
1751123700000,1,3.490611458834869,589,3,1043,589,0.2966818388807235,True
1751445000000,1,-1.035911602209949,232,1,1043,232,0.6500735518797839,False
1751906700000,-1,-8.904933814681115,210,1,491,210,0.7441271412300645,False
1752380100000,1,10.771018984889569,1022,5,1338,1022,0.8920834341314368,True
1752602400000,1,5.595567867036011,775,3,1338,775,0.9706678066962989,True
1752951600000,1,-8.409418548774628,387,1,1338,387,1.8871676641039912,False
1753820100000,-1,3.266787658802184,834,7,908,834,1.081925314056989,True
1753970400000,-1,1.2231282431430568,667,5,908,667,0.8079974125501512,True
1754379000000,-1,-6.920762286860582,213,3,908,213,0.6136411014238852,False
1754420400000,-1,-7.9602997771926365,167,1,908,167,0.8213294224480598,False
1754878500000,1,-7.672001319914202,363,3,705,363,0.7114801227049526,False
1755013500000,1,-4.6353101567825465,213,1,705,213,1.0582265163323505,False
1755274500000,-1,-9.25757850789617,189,1,266,189,1.2550303764021327,False
1755776700000,-1,-10.372144436256448,123,1,429,123,0.46409796744404286,False
1756061100000,1,-9.50413223140496,61,1,254,61,0.8732165441846549,False
1756457100000,-1,0.0575926281436101,748,7,1127,748,0.8097943606429061,True
1756653300000,-1,-1.1462988148435826,530,5,1127,530,0.4786149378160445,False
1756760400000,-1,-5.963769590881318,411,3,1127,411,0.7979868651884541,False
1756962900000,-1,-3.068699267471775,186,1,1127,186,0.5259996269132373,False
1757217600000,1,47.2099712368169,1394,7,1491,1394,0.3465966600582976,True
1757302200000,1,46.00608596424496,1300,5,1491,1300,0.5867392089841706,True
1757523600000,1,38.62405200433372,1054,3,1491,1054,0.6181786627620542,True
1757993400000,1,16.353440436495916,532,1,1491,532,0.9192500434381792,True
1758835800000,-1,-8.589835361488895,173,1,577,173,1.3917586459836,False
1759644900000,1,-8.245682378911834,243,3,392,243,0.7048583498950955,False
1759780800000,1,-7.754569190600524,92,1,392,92,0.5732343614782153,False
1759978800000,-1,13.091118800461366,453,1,581,453,0.7585451976471288,True
1760496300000,1,-10.977469083516866,68,1,190,68,1.2271004405219612,False
1760643000000,-1,-6.43011174279553,361,1,456,361,1.765470542446624,False
1761093900000,-1,-5.3060413354531155,336,1,398,336,1.04627536168851,False
1761744600000,1,-2.202145680406553,73,0,460,73,0.690461723348435,False
1761818400000,-1,-3.1428010214103352,296,1,305,296,0.8261557746788081,False
1762656300000,-1,-12.563543936092959,166,1,723,166,0.9840640014921683,False
1763407800000,-1,14.97088993623511,1441,13,1911,1441,1.5076199095581424,True
1763531100000,-1,15.439757375241259,1304,11,1911,1304,0.7694389862588376,True
1763659800000,-1,12.120343839541547,1161,9,1911,1161,1.7299708985348852,True
1763977500000,-1,-1.0543657331136602,808,7,1911,808,0.771212062925332,False
1764056700000,-1,2.293724115960505,720,5,1911,720,0.7335706911424504,True
1764290700000,-1,2.9123140234251443,460,3,1911,460,0.5130911810605778,True
1764438300000,-1,0.16276041666666297,296,1,1911,296,0.5800922389032876,True
1765105200000,-1,-7.9805690492713355,218,3,388,218,0.49032705793391185,False
1765245600000,-1,-8.697170799860277,62,1,388,62,0.4937252113377576,False
1765397700000,1,-9.20666013712047,26,0,133,26,1.4573204389620742,False
1765424700000,-1,13.316400580551523,1354,11,1358,1354,0.8465649338983081,True
1765555200000,-1,9.576078728236181,1209,9,1358,1209,1.1973198827383857,True
1765712700000,-1,11.910029498525077,1034,7,1358,1034,0.5962406882367178,True
1766092500000,-1,-8.197463768115941,612,5,1358,612,1.2434640003474449,False
1766283300000,-1,-6.6994193836534155,400,3,1358,400,0.4878192425209503,False
1766467800000,-1,-6.842576028622549,195,1,1358,195,0.5233511564512703,False
1766879100000,1,-6.237006237006226,190,3,452,190,0.6138551709381754,False
1766981700000,1,-7.619827939369117,76,1,452,76,0.6727793390876837,False
1767170700000,-1,-4.632516703786194,128,1,262,128,0.3847357338696506,False
1767635100000,1,-4.728299223712051,370,1,758,370,1.0467796987816584,False
1768091400000,-1,-6.205607476635522,263,3,400,263,0.49286828556865697,False
1768176000000,-1,-6.324850299401197,169,1,400,169,0.7295394863838459,False
1768910400000,-1,36.395759717314476,2210,17,2349,2210,0.725989142695513,True
1769094000000,-1,33.877551020408156,2006,15,2349,2006,0.8820766338863661,True
1769318100000,-1,34.54545454545455,1757,13,2349,1757,0.47169530250339786,True
1769502600000,-1,30.23255813953488,1552,11,2349,1552,0.4326805973775748,True
1769654700000,-1,28.44522968197879,1383,9,2349,1383,0.8422475337324224,True
1770140700000,-1,8.111174134997167,843,7,2349,843,1.1006976500305905,True
1770462900000,-1,-2.1437578814628155,485,5,2349,485,0.6802657950746958,False
1770535800000,-1,-1.7587939698492372,404,3,2349,404,0.46353481393763796,False
1770707700000,-1,-5.4001301236174415,213,1,2349,213,0.6555812312672681,False
1771284600000,1,-4.868035190615839,211,3,639,211,0.6562761337907945,False
1771400700000,1,-6.242774566473974,82,1,639,82,0.7099643795473524,False
1771877700000,-1,-7.802340702210664,153,1,267,153,0.7659607481068132,False
1772172900000,1,-9.929906542056067,99,1,274,99,0.6030517232217303,False
1772385300000,-1,-1.1249999999999982,860,5,997,860,0.8607762290092906,False
1772514900000,-1,-0.4345127250155123,716,3,997,716,0.6128151243018107,False
1772810100000,-1,-4.521963824289399,388,1,997,388,1.1386314698255815,False
1773552600000,1,2.5261860751694343,381,1,818,381,0.5032581335172948,True
1774131300000,-1,12.975670617592005,1494,13,1756,1494,0.36475305603666697,True
1774207800000,-1,11.089866156787764,1409,11,1756,1409,0.5645194672297551,True
1774359000000,-1,8.823529411764696,1241,9,1756,1241,0.5733060663616018,True
1774661400000,-1,1.8987341772151778,905,7,1756,905,0.6469831238879143,True
1774757700000,-1,3.7931034482758474,798,5,1756,798,0.38566943680516413,True
1774902600000,-1,2.515723270440251,637,3,1756,637,0.4477901305544786,True
1775357100000,-1,-4.808414725770116,132,1,1756,132,0.33988682190926905,False
1775591100000,1,0.5738880918220834,449,3,577,449,0.8190060891537874,True
1775754000000,1,-3.708791208791218,268,1,577,268,0.6785686465828485,False
1776227400000,1,4.679144385026723,471,1,582,471,0.6562219891562565,True
1777100400000,1,-6.1907417735638575,200,1,624,200,0.6053843956011979,False
1777386600000,-1,-2.8828828828828756,636,5,754,636,0.6145309818742297,False
1777474800000,-1,-4.770642201834874,538,3,754,538,0.5881500804663548,False
1777774500000,-1,-4.070473876063185,205,1,754,205,0.4049423320307701,False
1778429700000,1,-5.995828988529728,539,5,1062,539,0.5052994266904853,False
1778638500000,1,-4.804646251319966,307,3,1062,307,0.4725235540498426,False
1778739300000,1,-6.4348728593669025,195,1,1062,195,0.8714207895584927,False
1779195600000,-1,14.08114558472554,2241,17,2553,2241,0.5254379635764078,True
1779478200000,-1,13.617276544691059,1927,15,2553,1927,0.9453432158639101,True
1779628500000,-1,12.30207064555422,1760,13,2553,1760,0.487422847195001,True
1779757200000,-1,12.621359223300976,1617,11,2553,1617,0.6279274508314104,True
1779938100000,-1,10.112359550561811,1416,9,2553,1416,1.1680449881261987,True
1780220700000,-1,10.336239103362399,1102,7,2553,1102,0.47459328431315667,True
1780322400000,-1,8.39694656488551,989,5,2553,989,0.8744915620345992,True
1780537500000,-1,-0.13908205841444143,750,3,2553,750,1.4972226192556302,False
1780974900000,-1,-6.3515509601181686,264,1,2553,264,0.7865521677163277,False
1781478900000,1,-4.78796169630643,367,1,663,367,0.6665511349790446,False
1782073800000,-1,9.503546099290784,1118,3,1412,1118,0.35334289917267603,True
1782308700000,-1,4.132231404958686,857,1,1412,857,0.8090164100459216,True
1783289700000,1,-4.172661870503591,579,3,812,579,3.2432884312035504,False
1783537200000,1,-5.99858856739589,304,1,812,304,0.8751219579039453,False
1784142900000,-1,12.915699922660473,2306,13,2675,2306,0.4581528045219747,True
1784273400000,-1,12.305295950155749,2161,11,2675,2161,0.4102921919510076,True
1784759400000,-1,11.686274509803917,1621,9,2675,1621,0.23604062371091372,True
1784906100000,-1,9.266720386784844,1458,7,2675,1458,0.6761602168230257,True
1785160800000,-1,9.919999999999995,1175,5,2675,1175,0.46905445145659747,True
1785734100000,-1,-2.643573381950781,538,3,2675,538,0.42404794883893887,False
1785841200000,-1,-2.4567788898999243,419,1,2675,419,0.31109706470245385,False
1786497300000,1,-3.0035335689045928,105,1,415,105,0.5107162688666105,False
