time,equity
2020-11-24 21:15,100.93
2020-11-27 18:15,99.85
2020-11-30 01:00,98.7817
2020-12-02 06:15,99.7003
2020-12-02 15:00,100.6275
2020-12-02 16:45,101.5634
2020-12-06 07:15,102.5079
2020-12-06 11:45,103.4612
2020-12-07 12:30,104.4234
2020-12-10 16:30,105.3946
2020-12-10 18:45,106.3747
2020-12-11 00:45,107.364
2020-12-14 06:15,108.3625
2020-12-14 15:15,109.3703
2020-12-14 15:15,110.3874
2020-12-15 09:00,111.414
2020-12-15 20:00,112.4502
2020-12-16 12:45,113.496
2020-12-16 14:00,112.2816
2020-12-16 14:00,111.0801
2020-12-16 14:00,112.1132
2020-12-16 14:45,113.1558
2020-12-16 15:45,114.2082
2020-12-18 05:30,115.2703
2020-12-19 06:15,116.3423
2020-12-19 18:00,117.4243
2020-12-23 12:15,118.5164
2020-12-27 02:00,119.6186
2020-12-27 16:00,120.731
2020-12-27 16:45,119.4392
2020-12-28 06:15,120.55
2020-12-28 15:00,119.2601
2020-12-28 22:30,117.984
2020-12-30 00:30,119.0813
2020-12-30 01:00,120.1887
2021-01-01 00:30,118.9027
2021-01-01 01:30,120.0085
2021-01-02 13:15,121.1246
2021-01-02 13:45,119.8285
2021-01-02 14:15,120.9429
2021-01-06 00:15,122.0677
2021-01-06 02:30,123.2029
2021-01-06 04:30,124.3487
2021-01-08 10:00,125.5052
2021-01-08 12:45,124.1623
2021-01-08 13:00,125.317
2021-01-09 09:15,126.4824
2021-01-12 02:00,127.6587
2021-01-12 21:00,128.8459
2021-01-12 21:45,130.0442
2021-01-16 10:00,128.6527
2021-01-16 10:30,129.8492
2021-01-16 13:30,131.0568
2021-01-17 16:30,129.6545
2021-01-17 17:45,130.8603
2021-01-18 10:15,132.0773
2021-01-19 00:15,133.3056
2021-01-21 01:15,131.8792
2021-01-24 16:15,133.1057
2021-01-24 17:15,134.3436
2021-01-25 00:30,132.9061
2021-01-25 04:00,131.484
2021-01-25 18:30,132.7068
2021-01-29 20:30,133.941
2021-01-30 12:00,135.1866
2021-02-01 05:30,136.4439
2021-02-01 13:30,137.7128
2021-02-01 18:45,138.9935
2021-02-05 01:15,140.2862
2021-02-05 03:00,141.5908
2021-02-08 12:30,142.9076
2021-02-08 13:00,144.2367
2021-02-11 11:45,145.5781
2021-02-11 12:30,146.932
2021-02-11 16:00,148.2984
2021-02-14 13:30,146.7116
2021-02-16 22:00,145.1418
2021-02-17 10:15,146.4916
2021-02-19 07:15,147.854
2021-02-19 08:45,149.229
2021-02-22 17:45,147.6323
2021-02-25 20:00,149.0053
2021-02-25 21:30,150.391
2021-02-25 22:00,151.7897
2021-02-25 23:00,150.1655
2021-02-26 16:00,151.5621
2021-02-28 02:45,152.9716
2021-02-28 03:00,154.3942
2021-02-28 03:15,155.8301
2021-03-03 01:45,157.2793
2021-03-03 06:45,158.742
2021-03-03 08:15,160.2183
2021-03-08 19:00,158.504
2021-03-08 19:15,156.808
2021-03-09 00:30,158.2663
2021-03-11 13:45,156.5728
2021-03-13 10:15,158.029
2021-03-16 15:15,159.4986
2021-03-17 12:30,157.792
2021-03-17 22:00,156.1036
2021-03-19 08:00,157.5554
2021-03-19 09:30,159.0207
2021-03-19 10:30,160.4995
2021-03-19 17:15,158.7822
2021-03-20 06:15,160.2589
2021-03-20 07:45,161.7493
2021-03-21 02:30,163.2535
2021-03-22 19:45,164.7718
2021-03-24 19:15,166.3042
2021-03-24 19:15,167.8508
2021-03-24 19:30,169.4118
2021-03-24 19:30,170.9874
2021-03-24 19:45,172.5775
2021-03-24 20:15,174.1825
2021-03-24 20:15,172.3188
2021-03-24 20:45,173.9213
2021-03-24 20:45,175.5388
2021-03-24 21:00,177.1713
2021-03-24 22:15,178.819
2021-03-29 03:15,180.482
2021-03-29 07:30,182.1605
2021-03-29 08:15,183.8546
2021-03-29 09:00,185.5644
2021-03-29 09:00,187.2902
2021-03-30 14:00,189.032
2021-03-31 18:15,190.79
2021-03-31 20:15,192.5643
2021-03-31 21:15,194.3552
2021-04-04 18:15,192.2756
2021-04-08 16:30,190.2182
2021-04-09 01:15,191.9873
2021-04-10 12:30,189.933
2021-04-11 10:45,191.6994
2021-04-11 15:30,193.4822
2021-04-13 01:30,191.4119
2021-04-13 07:45,193.192
2021-04-13 08:30,194.9887
2021-04-13 14:30,196.8021
2021-04-13 18:45,198.6324
2021-04-17 23:45,200.4797
2021-04-18 01:00,202.3441
2021-04-21 04:15,200.179
2021-04-21 12:15,202.0407
2021-04-22 00:00,199.8789
2021-04-22 01:00,201.7377
2021-04-22 22:45,199.5792
2021-04-22 23:45,201.4352
2021-04-23 01:30,203.3086
2021-04-24 17:15,201.1332
2021-04-25 05:30,203.0037
2021-04-29 00:30,200.8316
2021-04-29 09:00,202.6993
2021-04-29 23:00,204.5844
2021-04-30 02:15,202.3954
2021-04-30 04:15,204.2776
2021-04-30 06:45,206.1774
2021-04-30 08:00,203.9713
2021-05-01 11:45,205.8683
2021-05-03 03:00,203.6655
2021-05-03 03:45,205.5596
2021-05-03 06:45,207.4713
2021-05-03 08:45,205.2513
2021-05-03 09:00,203.0551
2021-05-04 12:15,204.9435
2021-05-05 11:15,206.8495
2021-05-06 10:00,204.6362
2021-05-10 01:15,202.4466
2021-05-10 18:15,204.3294
2021-05-10 18:30,206.2296
2021-05-11 17:00,208.1476
2021-05-11 20:45,210.0833
2021-05-12 00:15,207.8355
2021-05-12 00:30,205.6116
2021-05-12 15:15,207.5238
2021-05-12 16:00,209.4538
2021-05-14 12:15,211.4017
2021-05-15 09:00,213.3677
2021-05-15 11:00,215.3521
2021-05-16 16:30,217.3548
2021-05-16 18:00,219.3762
2021-05-19 01:30,221.4164
2021-05-19 01:30,223.4756
2021-05-19 02:00,225.5539
2021-05-21 13:30,227.6516
2021-05-21 14:15,229.7687
2021-05-21 14:30,227.3102
2021-05-21 14:30,229.4242
2021-05-21 14:30,226.9694
2021-05-21 14:45,224.5408
2021-05-21 14:45,226.629
2021-05-21 15:00,228.7367
2021-05-21 15:15,230.8639
2021-05-21 15:30,233.0109
2021-05-21 15:30,235.1779
2021-05-26 00:15,237.3651
2021-05-26 02:45,239.5726
2021-05-27 12:30,241.8006
2021-05-31 04:00,239.2134
2021-06-02 11:00,241.438
2021-06-05 02:30,243.6834
2021-06-05 11:15,245.9497
2021-06-05 11:30,248.237
2021-06-05 11:30,250.5456
2021-06-07 16:30,252.8757
2021-06-07 17:00,255.2274
2021-06-07 17:30,257.601
2021-06-07 18:00,259.9967
2021-06-07 18:00,262.4147
2021-06-07 18:30,264.8552
2021-06-07 19:30,267.3183
2021-06-09 04:45,264.458
2021-06-10 14:30,266.9175
2021-06-10 14:30,269.3998
2021-06-10 16:45,271.9052
2021-06-10 17:00,274.4339
2021-06-10 19:30,276.9862
2021-06-11 06:00,274.0224
2021-06-17 04:00,276.5708
2021-06-17 13:45,279.1429
2021-06-17 17:00,281.739
2021-06-24 03:30,278.7244
2021-06-25 08:00,281.3165
2021-06-27 04:30,278.3064
2021-06-30 19:45,280.8947
2021-07-01 00:00,277.8891
2021-07-01 00:00,274.9157
2021-07-05 01:15,277.4724
2021-07-06 03:00,280.0529
2021-07-06 04:15,282.6574
2021-07-06 04:30,285.2861
2021-07-06 17:00,282.2335
2021-07-07 14:15,279.3152
2021-07-07 23:30,281.9129
2021-07-08 00:00,284.5346
2021-07-10 14:30,281.4901
2021-07-10 20:00,278.4782
2021-07-10 21:00,275.4985
2021-07-11 19:15,278.0606
2021-07-12 11:15,280.6466
2021-07-12 11:30,283.2566
2021-07-12 11:30,285.8909
2021-07-12 11:45,288.5496
2021-07-12 12:45,291.2332
2021-07-12 16:45,293.9416
2021-07-15 11:15,296.6753
2021-07-15 12:00,293.5009
2021-07-18 12:15,296.2304
2021-07-18 15:30,298.9854
2021-07-18 17:45,301.7659
2021-07-18 23:30,304.5723
2021-07-23 22:30,307.4049
2021-07-23 22:45,310.2637
2021-07-23 23:00,313.1492
2021-07-23 23:00,316.0615
2021-07-23 23:15,319.0008
2021-07-23 23:15,321.9676
2021-07-23 23:30,324.9619
2021-07-23 23:30,327.984
2021-07-23 23:30,331.0343
2021-07-23 23:30,334.1129
2021-07-23 23:30,337.2201
2021-07-23 23:45,340.3563
2021-07-26 00:15,343.5216
2021-07-26 00:30,346.7163
2021-07-26 00:30,349.9408
2021-07-26 00:30,353.1952
2021-07-26 00:30,356.48
2021-07-26 00:45,359.7952
2021-07-26 00:45,363.1413
2021-07-26 00:45,366.5185
2021-07-26 00:45,369.9272
2021-07-26 01:00,373.3675
2021-07-27 14:00,376.8398
2021-07-30 01:00,380.3444
2021-07-30 09:15,376.2747
2021-07-30 16:15,379.7741
2021-07-30 20:00,383.306
2021-07-30 20:00,386.8707
2021-07-30 20:15,390.4686
2021-07-30 21:00,394.1
2021-07-30 21:00,397.7651
2021-07-30 21:30,401.4643
2021-08-02 08:15,397.1686
2021-08-02 15:00,400.8623
2021-08-02 17:00,396.5731
2021-08-04 11:30,400.2612
2021-08-05 15:45,403.9837
2021-08-05 19:45,407.7407
2021-08-06 13:00,411.5327
2021-08-06 13:00,407.1293
2021-08-06 18:45,402.773
2021-08-09 10:15,406.5188
2021-08-09 11:00,410.2994
2021-08-13 01:00,414.1152
2021-08-13 02:30,417.9665
2021-08-13 04:30,421.8536
2021-08-13 06:30,425.7768
2021-08-13 07:00,429.7365
2021-08-13 07:15,425.1383
2021-08-13 09:45,429.0921
2021-08-15 21:45,433.0827
2021-08-15 22:00,437.1104
2021-08-15 22:15,441.1755
2021-08-15 22:30,445.2784
2021-08-15 23:30,440.5139
2021-08-17 20:00,444.6107
2021-08-18 11:30,448.7456
2021-08-19 14:45,452.9189
2021-08-20 17:00,457.1311
2021-08-22 05:45,461.3824
2021-08-23 01:30,458.2127
2021-08-23 01:45,462.4741
2021-08-23 03:00,466.7751
2021-08-25 15:00,471.1161
2021-08-26 05:00,475.4975
2021-08-26 05:30,479.9196
2021-08-26 05:45,484.3828
2021-08-27 22:00,479.2
2021-08-29 18:15,474.0725
2021-08-30 16:45,478.4814
2021-08-30 21:00,473.3616
2021-08-31 04:00,468.2967
2021-09-02 15:45,472.6518
2021-09-03 16:15,477.0475
2021-09-04 10:45,471.9431
2021-09-05 14:45,467.5682
2021-09-05 15:30,471.9166
2021-09-06 00:45,476.3054
2021-09-10 08:45,480.735
2021-09-10 12:45,485.2059
2021-09-10 12:45,489.7183
2021-09-13 02:45,494.2726
2021-09-13 04:00,498.8694
2021-09-13 04:30,503.5089
2021-09-14 05:15,508.1915
2021-09-17 04:15,502.7538
2021-09-18 04:45,500.5719
2021-09-19 04:45,505.2272
2021-09-20 00:45,509.9258
2021-09-24 09:00,514.6681
2021-09-24 09:30,519.4546
2021-09-28 08:15,524.2855
2021-09-29 16:30,518.6756
2021-09-30 01:45,513.1258
2021-10-04 14:30,507.6354
2021-10-05 14:15,512.3564
2021-10-06 13:15,506.8741
2021-10-06 13:30,501.4506
2021-10-06 14:15,496.0851
2021-10-06 14:30,500.6987
2021-10-08 11:30,495.3412
2021-10-09 17:30,490.041
2021-10-15 12:15,484.7976
2021-10-17 14:30,479.6103
2021-10-18 01:00,474.4784
2021-10-18 08:00,478.8911
2021-10-25 05:30,483.3448
2021-11-01 02:00,478.173
2021-11-01 11:45,482.62
2021-11-02 09:45,477.456
2021-11-05 03:00,481.8963
2021-11-06 18:00,486.3779
2021-11-07 06:45,490.9012
2021-11-10 12:45,495.4666
2021-11-10 13:15,500.0745
2021-11-11 11:00,494.7237
2021-11-12 00:15,499.3246
2021-11-15 02:30,503.9683
2021-11-15 16:30,508.6552
2021-11-15 17:00,513.3857
2021-11-15 17:15,518.1602
2021-11-18 15:30,522.9791
2021-11-19 09:45,517.3832
2021-11-21 11:00,522.1949
2021-11-21 13:15,516.6074
2021-11-21 22:30,511.0797
2021-11-22 03:30,515.8327
2021-11-24 03:00,520.63
2021-11-24 09:15,525.4718
2021-11-25 10:30,530.3587
2021-11-26 03:15,535.2911
2021-11-26 04:00,540.2693
2021-11-26 05:00,545.2938
2021-11-26 07:30,550.365
2021-11-26 08:00,555.4834
2021-11-28 02:30,549.5397
2021-12-03 13:45,543.6597
2021-12-03 16:00,548.7157
2021-12-03 17:15,553.8187
2021-12-05 16:00,558.9693
2021-12-06 08:45,564.1677
2021-12-08 17:30,569.4144
2021-12-08 19:45,563.3217
2021-12-09 16:30,557.2942
2021-12-10 13:15,551.3311
2021-12-12 11:15,545.4319
2021-12-13 02:15,550.5044
2021-12-13 13:00,555.6241
2021-12-15 13:45,560.7914
2021-12-19 20:00,566.0067
2021-12-20 00:45,571.2706
2021-12-21 00:00,565.158
2021-12-23 17:45,570.414
2021-12-23 17:45,575.7188
2021-12-23 18:15,569.5586
2021-12-23 18:15,563.4644
2021-12-23 20:45,557.4353
2021-12-25 22:30,551.4707
2021-12-26 02:30,545.57
2021-12-26 20:15,550.6438
2021-12-27 23:30,555.7648
2021-12-28 00:30,560.9334
2021-12-28 01:00,566.1501
2021-12-31 04:00,560.0923
2022-01-04 11:30,554.0993
2022-01-04 13:00,559.2524
2022-01-04 17:00,553.2684
2022-01-05 17:30,558.4138
2022-01-07 16:30,563.6071
2022-01-09 02:45,568.8486
2022-01-10 10:45,574.1389
2022-01-10 11:00,579.4784
2022-01-10 12:00,584.8675
2022-01-14 07:45,578.6094
2022-01-15 18:00,583.9905
2022-01-17 07:30,589.4216
2022-01-20 21:30,594.9032
2022-01-20 21:30,600.4358
2022-01-20 21:45,594.0112
2022-01-20 21:45,587.6553
2022-01-20 21:45,593.1205
2022-01-20 21:45,598.6365
2022-01-20 22:00,604.2038
2022-01-20 22:15,609.8229
2022-01-24 09:45,615.4942
2022-01-24 09:45,621.2183
2022-01-24 10:00,626.9957
2022-01-27 16:00,620.2868
2022-01-28 19:00,626.0555
2022-01-29 05:15,631.8778
2022-01-29 09:00,625.1167
2022-01-31 15:30,630.9303
2022-01-31 16:00,636.7979
2022-02-04 02:00,642.7202
2022-02-07 01:30,648.6975
2022-02-07 03:30,654.7304
2022-02-07 03:30,660.8193
2022-02-07 03:30,653.7486
2022-02-09 02:00,659.8284
2022-02-09 14:00,665.9648
2022-02-09 15:15,658.839
2022-02-09 20:00,651.7894
2022-02-10 06:30,645.9038
2022-02-11 01:00,651.9107
2022-02-15 04:30,657.9735
2022-02-20 02:45,664.0926
2022-02-23 20:45,670.2687
2022-02-23 21:45,676.5022
2022-02-27 00:30,682.7936
2022-02-27 07:30,689.1436
2022-02-28 14:45,695.5527
2022-02-28 15:30,702.0213
2022-02-28 15:45,708.5501
2022-02-28 15:45,715.1396
2022-02-28 19:45,721.7904
2022-03-04 22:15,728.5031
2022-03-07 01:45,735.2781
2022-03-11 04:30,742.1162
2022-03-11 20:30,749.0179
2022-03-13 13:00,755.9838
2022-03-13 21:15,763.0144
2022-03-14 13:30,770.1105
2022-03-14 19:45,761.8703
2022-03-18 16:30,768.9557
2022-03-18 16:30,776.107
2022-03-18 16:45,783.3248
2022-03-18 16:45,790.6097
2022-03-18 17:00,797.9623
2022-03-18 17:15,805.3834
2022-03-18 17:45,812.8735
2022-03-18 18:00,820.4332
2022-03-21 08:15,811.6545
2022-03-21 13:45,819.2029
2022-03-21 17:30,826.8215
2022-03-24 09:30,822.7825
2022-03-26 04:30,830.4344
2022-03-27 02:30,838.1574
2022-03-27 20:15,845.9523
2022-03-28 01:00,853.8196
2022-03-30 12:00,861.7602
2022-03-31 02:30,852.5393
2022-04-01 14:30,860.4679
2022-04-02 23:15,868.4703
2022-04-03 02:30,859.1777
2022-04-03 05:45,867.168
2022-04-03 08:15,875.2327
2022-04-05 01:30,883.3723
2022-04-05 03:30,873.9203
2022-04-05 04:15,864.5693
2022-04-05 16:45,872.6098
2022-04-05 19:00,880.7251
2022-04-10 13:15,871.3013
2022-04-10 23:00,879.4044
2022-04-10 23:00,887.5829
2022-04-10 23:15,895.8374
2022-04-10 23:30,904.1687
2022-04-10 23:45,912.5775
2022-04-10 23:45,921.0644
2022-04-10 23:45,929.6303
2022-04-10 23:45,938.2759
2022-04-10 23:45,947.0019
2022-04-11 00:15,955.809
2022-04-12 21:30,945.5818
2022-04-14 13:45,954.3757
2022-04-14 13:45,963.2514
2022-04-14 15:45,952.9446
2022-04-14 16:00,961.807
2022-04-14 16:00,970.7518
2022-04-14 16:00,960.3648
2022-04-15 02:00,969.2962
2022-04-17 03:45,978.3106
2022-04-17 21:00,987.4089
2022-04-17 22:45,996.5918
2022-04-18 00:00,1005.8601
2022-04-21 10:30,1015.2146
2022-04-21 14:00,1004.3518
2022-04-24 08:30,1013.6923
2022-04-26 13:45,1023.1196
2022-04-26 13:45,1032.6346
2022-04-26 14:00,1042.2381
2022-04-26 14:15,1051.931
2022-04-26 14:15,1061.7139
2022-04-26 14:30,1071.5879
2022-04-26 14:30,1081.5536
2022-04-26 14:30,1091.6121
2022-04-26 14:45,1101.7641
2022-04-29 05:15,1112.0105
2022-04-30 23:00,1100.112
2022-05-01 05:30,1110.343
2022-05-02 13:00,1098.4623
2022-05-02 13:00,1086.7088
2022-05-02 18:45,1075.081
2022-05-02 19:00,1069.3293
2022-05-03 04:45,1057.8875
2022-05-04 07:30,1067.7258
2022-05-08 03:15,1077.6557
2022-05-09 20:00,1087.6779
2022-05-10 23:00,1076.0397
2022-05-11 13:45,1086.0469
2022-05-14 01:15,1096.1471
2022-05-14 06:30,1106.3413
2022-05-14 10:45,1116.6303
2022-05-14 11:00,1104.6823
2022-05-14 11:15,1092.8622
2022-05-14 12:00,1081.1686
2022-05-14 19:45,1091.2235
2022-05-16 12:15,1101.3719
2022-05-17 07:15,1089.5872
2022-05-18 13:15,1099.7203
2022-05-19 13:45,1109.9477
2022-05-25 00:45,1120.2703
2022-05-25 13:00,1130.6888
2022-05-26 05:30,1141.2042
2022-05-26 08:15,1151.8174
2022-05-29 03:30,1139.4929
2022-05-30 02:45,1127.3004
2022-06-01 11:30,1115.2382
2022-06-03 09:45,1125.61
2022-06-03 10:15,1136.0781
2022-06-03 10:45,1146.6437
2022-06-03 10:45,1138.2846
2022-06-03 11:00,1148.8707
2022-06-03 11:15,1144.0454
2022-06-05 11:30,1134.3611
2022-06-07 02:15,1122.2234
2022-06-07 15:15,1132.6601
2022-06-07 18:00,1143.1938
2022-06-08 07:15,1153.8255
2022-06-08 13:00,1164.5561
2022-06-09 03:30,1152.0954
2022-06-10 01:15,1162.8098
2022-06-10 12:45,1173.624
2022-06-10 13:45,1161.0662
2022-06-11 11:00,1171.8641
2022-06-12 22:30,1182.7624
2022-06-21 02:30,1193.7621
2022-06-23 01:45,1204.8641
2022-06-23 12:30,1191.9721
2022-06-23 12:45,1179.218
2022-06-23 20:00,1190.1847
2022-06-23 22:30,1201.2534
2022-06-24 02:15,1212.4251
2022-06-26 01:30,1223.7006
2022-06-26 06:15,1235.081
2022-06-27 11:15,1221.8657
2022-06-28 11:00,1208.7917
2022-06-28 17:15,1220.0335
2022-06-28 17:45,1231.3798
2022-06-28 21:00,1242.8316
2022-06-30 07:30,1254.39
2022-07-01 07:00,1266.0558
2022-07-01 07:15,1277.8301
2022-07-01 13:15,1264.1573
2022-07-03 10:15,1250.6308
2022-07-03 14:15,1237.2491
2022-07-05 22:15,1224.0105
2022-07-06 10:15,1235.3938
2022-07-06 19:00,1246.883
2022-07-06 19:30,1258.479
2022-07-07 15:00,1270.1829
2022-07-09 18:15,1281.9956
2022-07-13 14:30,1268.2782
2022-07-13 14:30,1254.7076
2022-07-13 14:30,1241.2823
2022-07-13 16:30,1228.0005
2022-07-14 13:30,1214.8609
2022-07-14 16:15,1226.1591
2022-07-16 11:00,1237.5624
2022-07-16 14:30,1249.0717
2022-07-16 15:00,1260.6881
2022-07-16 15:30,1272.4125
2022-07-16 15:30,1284.2459
2022-07-16 16:00,1296.1894
2022-07-18 05:15,1308.244
2022-07-18 05:30,1320.4107
2022-07-18 05:30,1332.6905
2022-07-18 05:30,1345.0845
2022-07-19 01:00,1357.5938
2022-07-21 16:45,1343.0675
2022-07-22 07:00,1355.5581
2022-07-22 16:15,1368.1648
2022-07-22 19:30,1353.5254
2022-07-25 01:00,1366.1132
2022-07-25 01:15,1378.818
2022-07-25 01:15,1391.641
2022-07-25 01:30,1404.5833
2022-07-25 01:30,1417.6459
2022-07-25 01:30,1430.83
2022-07-25 02:00,1444.1367
2022-07-25 02:00,1457.5672
2022-07-25 02:15,1471.1226
2022-07-30 13:45,1455.3816
2022-07-30 14:30,1439.809
2022-07-31 16:45,1453.1992
2022-08-03 00:30,1437.65
2022-08-03 03:30,1422.2671
2022-08-04 00:30,1407.0489
2022-08-04 01:00,1420.1344
2022-08-04 11:45,1406.8278
2022-08-07 12:45,1419.9113
2022-08-07 14:15,1433.1164
2022-08-07 16:45,1417.7821
2022-08-07 16:45,1430.9675
2022-08-07 17:00,1444.2755
2022-08-07 18:45,1457.7072
2022-08-08 06:45,1447.0368
2022-08-10 13:15,1460.4943
2022-08-10 13:15,1474.0769
2022-08-10 13:30,1458.3042
2022-08-12 20:00,1471.8665
2022-08-12 20:15,1456.1175
2022-08-12 23:15,1469.6594
2022-08-12 23:15,1483.3272
2022-08-13 00:30,1497.1222
2022-08-13 01:15,1483.3861
2022-08-15 07:15,1497.1816
2022-08-16 06:15,1511.1053
2022-08-17 10:15,1525.1586
2022-08-17 10:30,1539.3426
2022-08-17 10:30,1553.6585
2022-08-17 10:45,1568.1075
2022-08-17 11:00,1582.6909
2022-08-17 12:15,1597.4099
2022-08-17 12:30,1612.2658
2022-08-17 12:45,1627.2599
2022-08-20 15:45,1642.3934
2022-08-22 04:45,1657.6677
2022-08-22 09:00,1639.9307
2022-08-22 12:30,1622.3834
2022-08-23 16:15,1637.4716
2022-08-24 04:45,1619.9506
2022-08-28 22:30,1635.0162
2022-08-30 14:45,1650.2218
2022-08-31 01:45,1632.5644
2022-08-31 01:45,1647.7473
2022-09-01 21:45,1663.0713
2022-09-02 05:15,1678.5379
2022-09-04 11:30,1694.1483
2022-09-05 00:45,1709.9039
2022-09-05 12:15,1691.6079
2022-09-05 12:15,1681.0015
2022-09-06 17:15,1696.6348
2022-09-06 17:15,1712.4135
2022-09-12 09:15,1694.0907
2022-09-12 23:30,1675.9639
2022-09-15 13:00,1691.5504
2022-09-18 12:45,1707.2818
2022-09-18 14:30,1723.1595
2022-09-18 15:45,1739.1849
2022-09-18 15:45,1755.3594
2022-09-18 16:00,1771.6842
2022-09-18 16:45,1788.1609
2022-09-18 21:45,1804.7908
2022-09-20 18:45,1785.4795
2022-09-20 22:45,1766.3749
2022-09-21 00:45,1747.4747
2022-09-23 11:00,1763.7262
2022-09-24 01:00,1780.1288
2022-09-24 03:30,1768.9229
2022-09-24 06:45,1749.9954
2022-09-25 15:15,1745.4367
2022-09-27 00:30,1761.6693
2022-09-27 01:30,1778.0528
2022-09-27 01:30,1759.0276
2022-09-27 17:00,1775.3866
2022-09-27 17:00,1791.8977
2022-09-27 17:15,1808.5623
2022-09-27 17:30,1797.0418
2022-10-01 16:30,1813.7543
2022-10-01 16:45,1830.6222
2022-10-02 11:30,1847.647
2022-10-05 10:00,1827.8771
2022-10-05 11:00,1814.6799
2022-10-06 00:45,1795.2628
2022-10-09 15:15,1811.9587
2022-10-09 16:00,1828.81
2022-10-10 07:45,1845.8179
2022-10-11 00:15,1862.984
2022-10-13 01:30,1880.3097
2022-10-13 05:30,1897.7966
2022-10-14 16:00,1915.4461
2022-10-14 16:45,1933.2598
2022-10-14 17:15,1923.6418
2022-10-14 18:45,1903.0588
2022-10-15 12:15,1882.6961
2022-10-17 14:15,1862.5513
2022-10-20 17:30,1842.622
2022-10-20 23:15,1859.7584
2022-10-21 05:00,1839.8589
2022-10-22 01:15,1820.1724
2022-10-22 01:45,1814.4571
2022-10-23 12:15,1805.6479
2022-10-23 19:45,1786.3275
2022-10-24 15:45,1802.9403
2022-10-25 05:00,1819.7077
2022-10-25 14:15,1836.631
2022-10-25 14:15,1853.7116
2022-10-25 14:15,1870.9511
2022-10-25 14:30,1888.351
2022-10-25 14:45,1905.9127
2022-10-25 15:30,1923.6376
2022-10-25 15:30,1941.5275
2022-10-28 13:30,1959.5837
2022-10-28 16:00,1938.6161
2022-10-28 16:30,1956.6453
2022-10-28 16:45,1974.8421
2022-10-28 17:15,1993.2081
2022-10-28 18:45,2011.7449
2022-10-31 13:00,1990.2193
2022-11-01 11:00,2008.7283
2022-11-02 07:15,2027.4095
2022-11-07 15:15,2046.2644
2022-11-09 04:30,2065.2946
2022-11-09 20:00,2084.5019
2022-11-11 14:15,2062.1977
2022-11-11 14:45,2081.3761
2022-11-11 16:00,2100.7329
2022-11-11 18:00,2120.2698
2022-11-14 01:30,2097.5829
2022-11-16 09:15,2117.0904
2022-11-16 13:30,2136.7793
2022-11-16 16:30,2156.6514
2022-11-17 09:15,2176.7082
2022-11-18 19:00,2196.9516
2022-11-19 13:45,2184.462
2022-11-19 18:00,2204.7775
2022-11-19 23:30,2191.1519
2022-11-20 10:30,2211.5296
2022-11-20 11:00,2232.0969
2022-11-20 11:15,2252.8554
2022-11-20 11:30,2273.8069
2022-11-20 12:30,2294.9533
2022-11-27 05:15,2316.2964
2022-11-27 14:45,2291.512
2022-11-28 01:00,2312.8231
2022-11-29 02:30,2334.3323
2022-11-30 18:30,2309.355
2022-12-01 00:30,2284.6449
2022-12-01 13:30,2305.8921
2022-12-02 08:30,2327.3369
2022-12-02 17:00,2348.9811
2022-12-03 00:30,2332.1389
2022-12-04 00:15,2320.6182
2022-12-04 17:30,2303.1555
2022-12-04 18:45,2324.5748
2022-12-05 00:15,2321.9132
2022-12-05 00:30,2343.507
2022-12-05 21:15,2336.7343
2022-12-06 05:30,2358.4659
2022-12-06 09:15,2333.2303
2022-12-07 07:15,2314.6928
2022-12-09 16:00,2289.9256
2022-12-09 18:00,2277.3424
2022-12-11 21:30,2298.5217
2022-12-11 21:45,2319.898
2022-12-11 22:45,2341.473
2022-12-11 23:00,2363.2487
2022-12-14 20:30,2385.2269
2022-12-19 06:45,2359.705
2022-12-19 13:45,2381.6503
2022-12-19 16:15,2403.7996
2022-12-19 18:45,2426.155
2022-12-19 18:45,2448.7182
2022-12-19 19:45,2422.5169
2022-12-20 08:15,2445.0463
2022-12-21 05:45,2467.7852
2022-12-23 21:15,2490.7356
2022-12-24 23:45,2513.8995
2022-12-26 04:15,2537.2788
2022-12-27 04:00,2560.8754
2022-12-27 15:15,2584.6916
2022-12-28 01:45,2608.7292
2023-01-01 00:30,2632.9904
2023-01-01 02:30,2630.6602
2023-01-01 05:15,2621.9527
2023-01-01 19:45,2646.3369
2023-01-04 01:45,2670.9478
2023-01-04 01:45,2695.7876
2023-01-04 02:30,2720.8585
2023-01-04 02:45,2746.1624
2023-01-04 03:00,2771.7017
2023-01-04 03:00,2749.5974
2023-01-04 03:15,2746.4629
2023-01-04 06:00,2731.4947
2023-01-05 22:15,2702.2677
2023-01-06 16:30,2727.3988
2023-01-06 17:15,2752.7636
2023-01-06 19:15,2778.3643
2023-01-06 19:45,2804.2031
2023-01-08 11:30,2830.2821
2023-01-08 14:00,2813.1023
2023-01-08 23:15,2839.2642
2023-01-10 22:30,2865.6693
2023-01-11 19:30,2835.0067
2023-01-11 23:45,2804.6721
2023-01-12 00:00,2830.7556
2023-01-12 00:15,2857.0816
2023-01-12 00:45,2826.5108
2023-01-12 00:45,2796.2671
2023-01-12 19:00,2822.2724
2023-01-15 12:00,2848.5196
2023-01-15 20:00,2875.0108
2023-01-16 01:45,2844.2482
2023-01-18 03:00,2813.8147
2023-01-20 06:45,2786.2534
2023-01-22 13:45,2812.1656
2023-01-23 07:45,2838.3187
2023-01-23 18:45,2820.5792
2023-01-25 07:15,2846.8106
2023-01-27 03:30,2818.371
2023-01-27 20:45,2844.5818
2023-01-29 02:45,2871.0364
2023-01-29 11:00,2897.7371
2023-01-29 11:00,2866.7313
2023-01-30 09:45,2893.3919
2023-02-01 20:15,2920.3004
2023-02-01 21:15,2947.4592
2023-02-03 18:00,2937.0694
2023-02-04 01:45,2964.3842
2023-02-04 16:15,2991.9529
2023-02-07 07:30,3019.7781
2023-02-07 11:30,2987.4665
2023-02-08 16:15,3015.2499
2023-02-08 21:00,3043.2917
2023-02-09 08:00,3071.5944
2023-02-12 21:45,3100.1602
2023-02-12 22:00,3128.9917
2023-02-12 22:15,3158.0913
2023-02-12 22:30,3187.4615
2023-02-13 21:30,3217.1049
2023-02-17 16:15,3247.024
2023-02-18 01:15,3212.2809
2023-02-20 11:30,3177.9094
2023-02-20 12:00,3153.1535
2023-02-23 17:45,3182.4779
2023-02-23 19:15,3148.4253
2023-02-23 23:30,3177.7057
2023-02-24 06:45,3207.2584
2023-02-24 14:45,3237.0859
2023-02-27 11:15,3202.4491
2023-02-27 11:15,3232.2318
2023-03-01 04:45,3197.6469
2023-03-01 05:00,3171.3623
2023-03-02 04:00,3200.856
2023-03-04 16:00,3230.6239
2023-03-04 17:15,3260.6687
2023-03-04 18:45,3290.9929
2023-03-04 22:15,3321.5992
2023-03-05 02:15,3286.0581
2023-03-05 23:30,3316.6184
2023-03-06 02:15,3347.463
2023-03-06 03:00,3378.5944
2023-03-07 09:30,3410.0153
2023-03-07 09:45,3441.7284
2023-03-07 14:15,3421.4566
2023-03-07 15:15,3453.2762
2023-03-07 15:15,3485.3917
2023-03-08 08:45,3448.098
2023-03-09 18:45,3480.1653
2023-03-09 19:45,3512.5308
2023-03-09 20:15,3545.1974
2023-03-10 07:15,3578.1677
2023-03-11 08:15,3539.8813
2023-03-11 08:45,3572.8022
2023-03-11 10:45,3606.0293
2023-03-11 12:30,3639.5653
2023-03-11 17:15,3600.622
2023-03-13 13:00,3562.0953
2023-03-17 02:30,3595.2228
2023-03-19 18:00,3556.7539
2023-03-19 18:00,3518.6967
2023-03-19 20:00,3481.0466
2023-03-21 10:45,3513.4203
2023-03-21 12:45,3475.8267
2023-03-21 12:45,3508.1519
2023-03-21 13:15,3540.7777
2023-03-22 19:45,3502.8914
2023-03-22 19:45,3465.4105
2023-03-23 00:00,3497.6388
2023-03-24 11:15,3530.1668
2023-03-27 06:00,3562.9974
2023-03-27 08:30,3596.1333
2023-03-27 14:00,3629.5773
2023-03-27 14:15,3663.3324
2023-03-27 14:30,3697.4014
2023-03-27 14:45,3657.8392
2023-03-28 20:30,3691.8571
2023-03-31 10:00,3726.1913
2023-03-31 14:15,3698.0772
2023-03-31 14:30,3732.4694
2023-04-02 00:45,3767.1813
2023-04-03 18:15,3802.2161
2023-04-04 03:00,3786.8932
2023-04-04 05:15,3746.3734
2023-04-07 14:30,3781.2147
2023-04-08 17:45,3816.38
2023-04-08 18:45,3796.2867
2023-04-08 20:00,3777.4951
2023-04-10 10:45,3741.7222
2023-04-10 17:15,3776.5203
2023-04-12 08:00,3811.6419
2023-04-12 12:45,3847.0902
2023-04-12 15:00,3882.8681
2023-04-13 08:30,3918.9788
2023-04-15 08:15,3955.4253
2023-04-16 12:30,3992.2107
2023-04-18 03:00,3949.4941
2023-04-18 05:00,3986.2244
2023-04-18 06:45,4023.2963
2023-04-18 08:00,3980.247
2023-04-19 06:45,4017.2633
2023-04-19 08:00,4054.6238
2023-04-20 16:00,4092.3318
2023-04-23 16:30,4130.3905
2023-04-23 16:45,4168.8032
2023-04-23 19:30,4124.197
2023-04-24 02:30,4080.0681
2023-04-27 12:30,4118.0127
2023-04-28 00:30,4156.3102
2023-04-30 20:45,4194.9639
2023-05-02 14:00,4233.9771
2023-05-04 15:15,4273.3531
2023-05-04 23:30,4248.8881
2023-05-05 12:30,4203.425
2023-05-06 03:30,4242.5169
2023-05-06 05:15,4281.9723
2023-05-08 00:15,4321.7946
2023-05-08 01:30,4361.9873
2023-05-08 01:30,4315.314
2023-05-08 03:30,4269.1402
2023-05-10 19:00,4308.8432
2023-05-11 03:30,4348.9154
2023-05-11 03:30,4389.3603
2023-05-11 11:00,4430.1814
2023-05-11 14:30,4471.3821
2023-05-14 16:45,4512.9659
2023-05-15 04:00,4554.9365
2023-05-16 01:15,4506.1987
2023-05-16 03:30,4457.9824
2023-05-17 00:00,4499.4416
2023-05-17 05:00,4451.2976
2023-05-17 14:45,4403.6687
2023-05-17 19:00,4356.5494
2023-05-20 11:15,4340.9748
2023-05-21 15:30,4381.3458
2023-05-24 02:15,4422.0923
2023-05-24 03:30,4463.2178
2023-05-24 04:45,4504.7257
2023-05-25 15:15,4487.8781
2023-05-26 02:00,4529.6153
2023-05-26 06:45,4481.1484
2023-05-27 12:45,4453.4101
2023-05-28 21:30,4494.8268
2023-05-30 04:30,4536.6287
2023-06-02 00:45,4488.0868
2023-06-02 00:45,4529.826
2023-06-02 05:15,4571.9534
2023-06-04 09:00,4614.4726
2023-06-04 09:15,4657.3872
2023-06-04 11:45,4700.7009
2023-06-05 03:00,4744.4174
2023-06-05 04:30,4788.5405
2023-06-07 12:15,4833.0739
2023-06-07 14:30,4878.0215
2023-06-09 05:45,4923.3871
2023-06-09 11:15,4897.6378
2023-06-09 16:45,4943.1858
2023-06-09 18:45,4989.1574
2023-06-09 20:00,5035.5566
2023-06-10 01:00,5082.3873
2023-06-10 02:15,5129.6535
2023-06-10 03:00,5177.3592
2023-06-10 03:30,5225.5087
2023-06-10 04:15,5274.1059
2023-06-12 04:30,5323.1551
2023-06-14 20:00,5372.6604
2023-06-14 20:45,5315.173
2023-06-14 21:45,5364.6041
2023-06-18 19:15,5307.2028
2023-06-19 06:45,5356.5598
2023-06-19 18:45,5406.3758
2023-06-20 18:00,5456.6551
2023-06-20 18:15,5507.402
2023-06-20 18:15,5558.6208
2023-06-20 20:45,5610.316
2023-06-23 06:00,5662.4919
2023-06-24 14:30,5715.1531
2023-06-25 03:15,5768.304
2023-06-25 04:00,5821.9493
2023-06-25 06:45,5876.0934
2023-06-26 00:30,5930.7411
2023-06-26 06:15,5867.2821
2023-06-26 12:15,5804.5022
2023-06-26 17:30,5742.394
2023-06-28 00:45,5795.7983
2023-06-28 03:00,5849.6992
2023-06-28 04:30,5904.1014
2023-06-30 16:30,5840.9275
2023-06-30 18:15,5778.4296
2023-07-01 12:45,5832.169
2023-07-01 15:00,5886.4082
2023-07-02 00:00,5823.4236
2023-07-02 22:30,5877.5815
2023-07-02 23:15,5932.243
2023-07-03 03:30,5987.4128
2023-07-03 04:30,6043.0958
2023-07-03 05:00,6099.2966
2023-07-06 03:30,6075.7838
2023-07-06 13:15,6132.2886
2023-07-06 13:30,6189.3188
2023-07-06 14:15,6123.0931
2023-07-07 12:30,6180.0379
2023-07-09 09:15,6237.5122
2023-07-09 16:45,6170.7709
2023-07-10 00:15,6228.159
2023-07-10 01:45,6286.0809
2023-07-10 02:15,6243.3041
2023-07-10 07:00,6190.5794
2023-07-10 21:45,6248.1518
2023-07-11 20:30,6306.2596
2023-07-13 01:45,6364.9078
2023-07-13 03:00,6296.8033
2023-07-13 06:15,6355.3636
2023-07-13 09:15,6414.4685
2023-07-13 12:30,6474.123
2023-07-13 14:00,6534.3324
2023-07-13 15:15,6464.415
2023-07-13 15:30,6524.5341
2023-07-15 07:15,6454.7216
2023-07-15 07:45,6514.7505
2023-07-15 11:15,6445.0427
2023-07-16 07:45,6504.9816
2023-07-16 11:00,6565.4779
2023-07-17 07:45,6495.2273
2023-07-17 09:00,6425.7283
2023-07-18 01:00,6485.4876
2023-07-18 15:00,6416.0929
2023-07-20 04:45,6475.7626
2023-07-20 15:15,6461.6778
2023-07-20 15:30,6521.7714
2023-07-20 15:45,6582.4238
2023-07-20 16:00,6643.6404
2023-07-21 01:15,6705.4262
2023-07-22 20:15,6767.7867
2023-07-23 11:45,6695.3714
2023-07-24 09:45,6653.291
2023-07-27 16:45,6622.8854
2023-07-27 18:15,6618.2494
2023-07-28 13:45,6679.7991
2023-07-29 07:45,6630.5356
2023-07-30 00:45,6559.5889
2023-07-30 01:30,6515.1149
2023-08-01 00:00,6445.4032
2023-08-01 05:45,6376.4373
2023-08-01 07:45,6358.3283
2023-08-02 14:00,6417.4607
2023-08-02 14:00,6477.1431
2023-08-02 16:30,6537.3805
2023-08-04 21:15,6598.1782
2023-08-06 09:30,6659.5412
2023-08-06 14:15,6661.3726
2023-08-06 18:15,6723.3234
2023-08-07 09:30,6785.8503
2023-08-07 16:45,6743.303
2023-08-07 17:00,6671.1496
2023-08-08 13:30,6733.1913
2023-08-14 00:45,6795.81
2023-08-14 08:00,6723.0948
2023-08-14 17:00,6701.0431
2023-08-14 22:30,6763.3628
2023-08-15 15:00,6826.2621
2023-08-15 15:30,6889.7463
2023-08-15 18:15,6953.8209
2023-08-17 20:30,7018.4915
2023-08-21 05:30,7083.7635
2023-08-21 06:45,7149.6425
2023-08-23 01:00,7216.1341
2023-08-24 13:00,7283.2442
2023-08-24 14:30,7205.3135
2023-08-28 07:00,7176.8164
2023-08-28 13:15,7243.5608
2023-08-28 15:00,7310.926
2023-08-29 07:00,7232.6991
2023-08-29 08:15,7155.3092
2023-08-29 12:15,7122.5736
2023-08-29 12:30,7099.4965
2023-08-29 12:45,7023.5319
2023-08-29 14:30,6948.3801
2023-08-29 14:30,6874.0324
2023-08-31 17:30,6800.4803
2023-09-01 18:30,6727.7151
2023-09-03 23:30,6790.2829
2023-09-04 15:30,6744.4824
2023-09-06 15:30,6672.3165
2023-09-06 16:30,6640.723
2023-09-07 05:30,6569.6673
2023-09-07 13:30,6524.7636
2023-09-07 13:30,6454.9487
2023-09-07 14:00,6385.8807
2023-09-07 23:30,6317.5518
2023-09-09 17:00,6286.8169
2023-09-10 02:45,6345.2843
2023-09-10 04:15,6404.2954
2023-09-11 10:45,6372.6582
2023-09-13 06:30,6332.0325
2023-09-15 13:30,6264.2798
2023-09-15 22:45,6211.9104
2023-09-15 23:30,6269.6812
2023-09-15 23:45,6202.5956
2023-09-15 23:45,6260.2797
2023-09-16 01:00,6318.5003
2023-09-17 11:45,6377.2624
2023-09-18 06:45,6436.5709
2023-09-18 11:30,6496.431
2023-09-19 02:00,6426.9192
2023-09-21 05:15,6358.1512
2023-09-22 19:00,6417.282
2023-09-24 19:00,6348.6171
2023-09-24 19:15,6407.6592
2023-09-25 03:30,6467.2504
2023-09-25 04:00,6527.3959
2023-09-26 08:30,6588.1006
2023-09-28 07:15,6649.37
2023-09-28 07:30,6711.2091
2023-09-28 07:30,6773.6234
2023-09-28 13:00,6836.6181
2023-09-28 13:45,6826.2264
2023-09-28 14:30,6889.7103
2023-09-29 03:45,6953.7846
2023-09-30 04:45,6879.3791
2023-10-01 07:30,6943.3573
2023-10-01 12:00,6869.0634
2023-10-01 22:30,6826.7843
2023-10-01 22:45,6768.7908
2023-10-05 17:00,6720.157
2023-10-06 23:00,6682.2218
2023-10-07 17:00,6679.5823
2023-10-07 21:30,6741.7024
2023-10-08 06:30,6804.4002
2023-10-08 08:45,6867.6811
2023-10-09 08:00,6931.5506
2023-10-09 08:15,6996.014
2023-10-09 09:45,7061.0769
2023-10-11 14:45,7126.7449
2023-10-12 07:30,7193.0237
2023-10-12 11:45,7259.9188
2023-10-15 16:30,7200.0245
2023-10-19 08:45,7122.9842
2023-10-19 11:45,7189.228
2023-10-19 13:30,7112.3032
2023-10-23 02:45,7178.4476
2023-10-23 22:45,7101.6382
2023-10-23 22:45,7167.6835
2023-10-25 00:45,7234.3429
2023-10-25 16:30,7301.6223
2023-10-25 16:30,7369.5274
2023-10-25 16:30,7438.064
2023-10-26 00:15,7507.238
2023-10-26 02:30,7577.0553
2023-10-26 05:45,7647.5219
2023-10-27 22:30,7718.6439
2023-10-28 04:00,7790.4273
2023-10-28 10:15,7862.8783
2023-10-29 14:15,7936.003
2023-10-30 04:15,7851.0878
2023-10-30 13:00,7924.1029
2023-11-01 18:45,7997.7971
2023-11-01 18:45,8072.1766
2023-11-01 19:15,8147.2478
2023-11-01 21:00,8060.0723
2023-11-02 15:15,8135.0309
2023-11-03 09:30,8047.9861
2023-11-03 16:45,8122.8324
2023-11-03 19:15,8198.3747
2023-11-04 05:45,8274.6196
2023-11-04 09:45,8351.5736
2023-11-08 03:30,8429.2432
2023-11-08 17:45,8507.6352
2023-11-08 20:15,8586.7562
2023-11-08 20:15,8666.613
2023-11-09 01:30,8747.2125
2023-11-10 03:45,8653.6173
2023-11-11 20:00,8561.0236
2023-11-12 04:45,8640.6411
2023-11-12 10:00,8548.1863
2023-11-14 18:00,8627.6844
2023-11-15 03:45,8707.9219
2023-11-16 14:15,8788.9056
2023-11-16 15:30,8870.6424
2023-11-19 05:45,8953.1394
2023-11-20 22:30,8857.3408
2023-11-22 09:45,8939.714
2023-11-23 14:45,9022.8534
2023-11-25 14:30,8926.3088
2023-11-28 14:45,9009.3235
2023-12-01 01:15,9093.1102
2023-12-01 04:00,9177.6761
2023-12-01 17:00,9263.0285
2023-12-03 03:00,9349.1747
2023-12-04 00:15,9436.122
2023-12-04 01:00,9523.878
2023-12-04 01:00,9612.45
2023-12-04 01:30,9701.8458
2023-12-04 02:15,9792.073
2023-12-04 02:45,9883.1393
2023-12-05 17:45,9975.0525
2023-12-05 22:30,10067.8204
2023-12-06 01:30,10161.4512
2023-12-07 15:15,10255.9527
2023-12-07 15:30,10351.333
2023-12-08 01:45,10447.6004
2023-12-08 10:15,10544.7631
2023-12-10 23:15,10431.9341
2023-12-10 23:15,10320.3124
2023-12-12 18:15,10416.2914
2023-12-13 02:15,10513.1629
2023-12-13 07:30,10400.672
2023-12-15 17:00,10497.3983
2023-12-16 06:30,10385.0761
2023-12-17 04:45,10481.6573
2023-12-17 11:15,10579.1367
2023-12-17 23:15,10677.5227
2023-12-17 23:30,10776.8237
2023-12-17 23:45,10877.0481
2023-12-20 08:45,10978.2047
2023-12-20 09:45,11080.302
2023-12-20 22:15,11010.8839
2023-12-21 02:00,10893.0674
2023-12-21 19:15,10776.5116
2023-12-23 09:45,10876.7332
2023-12-23 13:00,10760.3521
2023-12-23 21:30,10860.4234
2023-12-24 12:15,10744.2169
2023-12-24 16:00,10629.2537
2023-12-25 17:45,10515.5207
2023-12-26 06:00,10613.3151
2023-12-27 11:45,10499.7526
2023-12-27 16:00,10597.4003
2023-12-31 00:00,10695.9561
2024-01-01 00:15,10606.0566
2024-01-01 17:45,10704.6929
2024-01-05 02:00,10804.2466
2024-01-05 09:00,10904.7261
2024-01-05 10:45,11006.14
2024-01-05 12:15,11108.4971
2024-01-05 12:15,11211.8061
2024-01-05 17:30,11091.8398
2024-01-07 11:30,11194.9939
2024-01-07 22:30,11299.1074
2024-01-07 23:15,11404.1891
2024-01-07 23:30,11321.1096
2024-01-07 23:30,11199.9737
2024-01-09 09:45,11304.1334
2024-01-09 12:45,11409.2619
2024-01-09 12:45,11348.9069
2024-01-09 14:45,11454.4517
2024-01-10 21:15,11560.9781
2024-01-10 21:15,11668.4952
2024-01-10 21:15,11777.0122
2024-01-13 10:00,11886.5384
2024-01-17 01:30,11997.0832
2024-01-17 14:30,12108.6561
2024-01-17 14:30,12221.2666
2024-01-17 14:30,12334.9244
2024-01-18 13:00,12202.9407
2024-01-18 16:00,12316.4281
2024-01-21 22:00,12430.9708
2024-01-22 00:45,12546.5789
2024-01-22 00:45,12663.262
2024-01-22 01:00,12781.0304
2024-01-22 01:15,12899.894
2024-01-23 09:00,12868.0957
2024-01-25 18:00,12730.4071
2024-01-26 12:45,12848.7999
2024-01-27 17:15,12796.0556
2024-01-29 11:00,12659.1378
2024-01-29 16:45,12590.1455
2024-01-29 16:45,12707.2338
2024-01-29 17:15,12825.4111
2024-01-29 18:15,12688.1792
2024-01-30 04:00,12661.2168
2024-02-01 14:15,12778.9661
2024-02-03 15:30,12721.4608
2024-02-05 07:00,12839.7704
2024-02-05 10:45,12959.1802
2024-02-05 19:00,12888.0343
2024-02-07 04:30,13007.8931
2024-02-07 10:45,13128.8665
2024-02-07 17:00,12988.3876
2024-02-11 03:30,13109.1796
2024-02-11 03:30,12968.9114
2024-02-11 03:45,13089.5223
2024-02-11 04:45,13041.8764
2024-02-11 05:00,12984.4921
2024-02-12 11:30,13105.2479
2024-02-12 15:30,13227.1267
2024-02-12 15:45,13350.139
2024-02-12 16:00,13474.2953
2024-02-12 16:15,13599.6062
2024-02-12 16:45,13529.5003
2024-02-14 03:45,13655.3246
2024-02-14 07:00,13782.3191
2024-02-14 07:15,13910.4947
2024-02-14 08:45,14039.8623
2024-02-14 08:45,14170.433
2024-02-14 09:15,14302.2181
2024-02-17 21:30,14435.2287
2024-02-18 06:15,14569.4763
2024-02-19 20:30,14704.9724
2024-02-20 09:30,14841.7287
2024-02-20 14:00,14682.9222
2024-02-22 23:30,14819.4734
2024-02-23 00:45,14957.2945
2024-02-23 04:30,15096.3973
2024-02-23 10:00,15236.7938
2024-02-24 13:30,15378.496
2024-02-25 05:45,15213.9461
2024-02-26 15:30,15355.4358
2024-02-26 16:15,15498.2413
2024-02-26 16:15,15642.375
2024-02-26 21:45,15787.8491
2024-02-28 09:30,15934.676
2024-02-28 15:45,16082.8685
2024-03-01 08:45,15910.7818
2024-03-01 14:30,16058.7521
2024-03-01 16:15,16208.0985
2024-03-02 07:00,16358.8338
2024-03-03 17:00,16510.971
2024-03-04 09:00,16664.523
2024-03-04 10:15,16819.5031
2024-03-04 10:30,16639.5344
2024-03-05 04:30,16461.4914
2024-03-05 07:15,16285.3534
2024-03-06 06:00,16436.8072
2024-03-06 06:45,16589.6695
2024-03-06 16:00,16412.16
2024-03-08 16:45,16236.5499
2024-03-08 17:00,16103.6538
2024-03-09 08:00,15931.3447
2024-03-11 03:15,16079.5062
2024-03-11 07:30,16229.0456
2024-03-11 08:00,16379.9757
2024-03-11 08:15,16532.3095
2024-03-12 05:30,16686.06
2024-03-12 06:00,16841.2403
2024-03-13 06:30,16729.6671
2024-03-13 08:30,16550.6597
2024-03-14 01:00,16373.5676
2024-03-14 02:15,16198.3704
2024-03-14 02:45,16349.0153
2024-03-15 03:15,16174.0808
2024-03-15 21:15,16324.4998
2024-03-16 15:30,16336.335
2024-03-17 17:45,16488.2629
2024-03-17 23:30,16641.6038
2024-03-18 13:00,16796.3707
2024-03-18 14:00,16952.577
2024-03-18 16:15,17110.2359
2024-03-18 22:30,16927.1564
2024-03-19 01:15,17084.5789
2024-03-19 07:00,16901.774
2024-03-20 10:15,17058.9605
2024-03-20 23:30,17217.6088
2024-03-22 08:30,17377.7325
2024-03-23 09:00,17539.3455
2024-03-24 05:30,17351.6745
2024-03-24 07:30,17166.0115
2024-03-24 10:30,17325.6555
2024-03-25 16:00,17288.3187
2024-03-26 19:15,17449.1
2024-03-29 01:15,17611.3767
2024-03-29 08:30,17422.9349
2024-03-29 10:30,17584.9682
2024-03-31 00:15,17396.8091
2024-03-31 00:15,17210.6632
2024-03-31 16:30,17370.7224
2024-04-01 03:15,17532.2701
2024-04-01 03:45,17695.3202
2024-04-01 05:45,17859.8867
2024-04-01 05:45,17668.7859
2024-04-01 06:00,17833.1056
2024-04-01 06:15,17642.2914
2024-04-01 07:00,17806.3647
2024-04-02 05:15,17971.9639
2024-04-04 22:15,18139.1031
2024-04-04 23:30,18307.7968
2024-04-05 15:00,18478.0593
2024-04-08 02:45,18280.3441
2024-04-08 06:45,18450.3513
2024-04-08 06:45,18621.9395
2024-04-08 08:15,18795.1236
2024-04-10 10:15,18594.0158
2024-04-11 02:30,18395.0598
2024-04-11 15:30,18198.2326
2024-04-11 17:00,18367.4762
2024-04-12 02:15,18538.2937
2024-04-12 12:45,18710.6999
2024-04-12 13:15,18884.7094
2024-04-12 13:30,19060.3372
2024-04-12 14:30,19237.5983
2024-04-15 16:15,19416.508
2024-04-15 17:15,19597.0815
2024-04-15 18:15,19779.3344
2024-04-17 13:15,19963.2822
2024-04-17 13:30,20148.9407
2024-04-17 13:30,20336.3258
2024-04-17 13:30,20525.4537
2024-04-19 08:45,20716.3404
2024-04-23 19:00,20909.0024
2024-04-24 02:45,20685.276
2024-04-24 07:00,20463.9436
2024-04-24 07:45,20654.2583
2024-04-24 09:30,20433.2577
2024-04-27 05:45,20214.6218
2024-04-28 23:00,20402.6178
2024-04-30 08:45,20592.3622
2024-04-30 09:00,20783.8711
2024-04-30 09:15,20977.1611
2024-04-30 09:45,21172.2487
2024-04-30 10:00,21369.1506
2024-04-30 10:15,21567.8837
2024-05-01 10:30,21337.1074
2024-05-03 07:30,21535.5425
2024-05-03 14:00,21735.823
2024-05-03 14:45,21691.482
2024-05-05 13:15,21893.2127
2024-05-05 18:15,22096.8196
2024-05-06 01:30,22302.32
2024-05-06 12:00,22231.5102
2024-05-07 17:00,21993.633
2024-05-07 20:00,21758.3011
2024-05-09 02:45,21525.4873
2024-05-10 14:45,21515.2627
2024-05-10 15:00,21391.1196
2024-05-10 15:00,21590.0571
2024-05-10 15:00,21790.8446
2024-05-10 15:00,21993.4994
2024-05-10 15:00,22198.039
2024-05-10 15:15,22404.4808
2024-05-10 15:30,22612.8424
2024-05-10 15:30,22823.1419
2024-05-10 15:45,23035.3971
2024-05-12 18:15,23249.6263
2024-05-13 01:30,23465.8478
2024-05-13 10:00,23298.771
2024-05-13 12:15,23515.4495
2024-05-14 00:30,23734.1432
2024-05-14 06:15,23480.1879
2024-05-14 07:15,23698.5536
2024-05-14 08:45,23918.9502
2024-05-15 12:15,24141.3964
2024-05-15 12:45,24365.9114
2024-05-16 04:15,24592.5144
2024-05-16 05:30,24329.3745
2024-05-17 07:30,24555.6376
2024-05-17 07:30,24784.0051
2024-05-17 11:00,25014.4963
2024-05-20 05:00,25247.1311
2024-05-20 06:30,25481.9295
2024-05-23 10:00,25718.9114
2024-05-23 13:45,25958.0973
2024-05-24 05:30,26199.5076
2024-05-25 06:00,26443.163
2024-05-27 14:30,26689.0844
2024-05-28 00:15,26937.2929
2024-05-28 03:15,27187.8097
2024-05-31 06:00,27440.6564
2024-06-01 01:00,27147.0413
2024-06-02 11:00,27399.5088
2024-06-02 17:45,27106.3341
2024-06-03 00:30,27358.423
2024-06-03 23:00,27383.7295
2024-06-04 04:30,27249.5493
2024-06-07 00:30,27502.9701
2024-06-07 15:15,27208.6883
2024-06-07 18:00,26917.5553
2024-06-07 18:00,26629.5375
2024-06-10 04:15,26877.1922
2024-06-10 08:15,26589.6062
2024-06-10 08:15,26305.0974
2024-06-10 23:00,26549.7348
2024-06-11 02:00,26796.6474
2024-06-11 02:00,27045.8562
2024-06-11 02:45,27297.3827
2024-06-11 03:30,27551.2483
2024-06-13 03:15,27807.4749
2024-06-13 05:30,28066.0844
2024-06-14 15:30,28327.099
2024-06-14 16:00,28590.541
2024-06-16 17:30,28284.6223
2024-06-17 04:15,28547.6692
2024-06-17 04:15,28813.1626
2024-06-17 06:00,29081.125
2024-06-17 06:00,29351.5794
2024-06-20 00:30,29037.5175
2024-06-20 22:30,29307.5665
2024-06-21 15:30,28993.9755
2024-06-21 21:00,28683.74
2024-06-23 00:45,28376.8239
2024-06-23 14:45,28640.7284
2024-06-25 00:00,28907.0872
2024-06-26 15:45,29175.9231
2024-06-26 18:00,28881.9757
2024-06-26 20:00,28572.9385
2024-06-27 09:30,28838.6668
2024-06-27 10:15,29106.8664
2024-06-27 14:45,29377.5603
2024-06-28 03:15,29650.7716
2024-06-28 05:30,29333.5084
2024-06-28 16:30,29242.7212
2024-07-01 01:00,28939.0355
2024-07-01 10:00,29208.1685
2024-07-03 03:30,29479.8045
2024-07-05 01:45,29753.9667
2024-07-07 08:00,30030.6786
2024-07-08 20:45,30309.9639
2024-07-13 01:30,30591.8465
2024-07-14 04:30,30876.3507
2024-07-16 18:15,31163.5008
2024-07-16 19:30,31453.3213
2024-07-19 14:00,31745.8372
2024-07-19 14:15,32041.0735
2024-07-19 14:15,32339.0555
2024-07-19 14:45,32639.8087
2024-07-19 16:15,32943.3589
2024-07-21 01:00,33249.7322
2024-07-22 01:15,32893.96
2024-07-23 19:15,33199.8739
2024-07-24 09:45,32844.6352
2024-07-24 18:15,33150.0903
2024-07-24 18:45,33458.3862
2024-07-24 21:00,33769.5491
2024-07-24 21:15,34083.606
2024-07-24 23:45,34400.5835
2024-07-25 00:00,34720.5089
2024-07-27 02:45,35043.4096
2024-07-29 00:45,35369.3134
2024-07-29 02:30,34990.8617
2024-07-29 02:30,34616.4595
2024-07-29 02:45,34246.0634
2024-07-29 02:45,33879.6305
2024-07-29 02:45,34194.7111
2024-07-29 15:15,34512.7219
2024-07-29 15:45,34833.6902
2024-07-29 16:30,35157.6435
2024-07-31 00:00,35484.6096
2024-07-31 20:30,35814.6165
2024-07-31 22:15,36147.6924
2024-08-02 14:45,36483.8659
2024-08-02 14:45,36823.1659
2024-08-02 14:45,37165.6213
2024-08-02 15:00,37511.2616
2024-08-02 15:30,37860.1163
2024-08-02 17:00,38212.2154
2024-08-02 17:30,38567.589
2024-08-07 14:30,38926.2676
2024-08-07 15:00,39288.2819
2024-08-07 16:00,38867.8973
2024-08-07 16:00,39229.3687
2024-08-08 12:00,39594.2018
2024-08-10 10:00,39962.4279
2024-08-11 04:00,39534.8299
2024-08-11 04:30,39902.5039
2024-08-12 03:45,39475.5471
2024-08-12 17:45,39842.6697
2024-08-13 15:45,40213.2065
2024-08-13 18:45,39782.9252
2024-08-14 19:45,40152.9064
2024-08-14 23:15,40526.3284
2024-08-15 16:30,40092.6967
2024-08-16 13:15,39813.0501
2024-08-17 10:00,40183.3115
2024-08-19 00:30,40557.0163
2024-08-19 02:30,40934.1965
2024-08-19 08:15,41314.8846
2024-08-19 16:00,41699.113
2024-08-19 21:45,42086.9148
2024-08-20 00:15,42478.3231
2024-08-20 01:00,42873.3715
2024-08-20 03:15,43272.0938
2024-08-21 08:00,42809.0824
2024-08-21 15:00,43207.2069
2024-08-21 18:00,43609.0339
2024-08-21 18:45,44014.5979
2024-08-24 21:00,43543.6417
2024-08-25 11:15,43948.5976
2024-08-25 14:15,44357.3195
2024-08-25 16:00,44769.8426
2024-08-25 23:15,44290.8053
2024-08-27 06:30,43816.8937
2024-08-27 21:45,44224.3908
2024-08-28 23:00,44635.6776
2024-08-29 03:30,44158.0759
2024-08-29 18:30,44568.746
2024-08-29 19:00,44091.8604
2024-08-29 19:15,43620.0775
2024-08-29 19:45,44025.7442
2024-08-29 20:00,44435.1836
2024-08-30 02:15,44087.4783
2024-08-30 04:30,44497.4919
2024-08-31 14:15,44911.3186
2024-09-01 02:15,45328.9938
2024-09-03 14:15,45750.5535
2024-09-03 14:15,46176.0336
2024-09-05 12:15,46605.4707
2024-09-05 18:15,47038.9016
2024-09-06 09:30,47476.3634
2024-09-06 12:30,47917.8936
2024-09-06 19:15,48363.53
2024-09-06 22:30,47846.0402
2024-09-08 16:30,47334.0876
2024-09-08 17:00,46827.6128
2024-09-09 03:15,47263.1096
2024-09-10 19:00,46757.3944
2024-09-11 18:30,47192.2381
2024-09-12 01:15,47631.1259
2024-09-12 04:00,47121.4729
2024-09-12 05:00,46617.2731
2024-09-12 05:30,47050.8138
2024-09-12 20:00,47488.3863
2024-09-13 15:45,47299.8574
2024-09-13 16:00,47739.7461
2024-09-13 16:30,48183.7258
2024-09-14 22:15,48631.8344
2024-09-17 05:45,49084.1105
2024-09-18 15:15,48558.9105
2024-09-18 21:45,49010.5084
2024-09-18 23:45,49466.3061
2024-09-18 23:45,49926.3427
2024-09-21 10:15,50390.6577
2024-09-21 13:30,50859.2908
2024-09-21 13:45,51332.2822
2024-09-21 15:00,50783.0268
2024-09-22 13:30,50239.6484
2024-09-23 03:30,50706.8772
2024-09-23 07:00,50164.3136
2024-09-23 22:00,50630.8417
2024-09-24 16:45,51101.7085
2024-09-24 18:30,51576.9544
2024-09-24 20:15,52056.6201
2024-09-26 07:15,52540.7466
2024-09-26 07:30,53029.3756
2024-09-26 12:45,53522.5488
2024-09-28 15:00,52949.8575
2024-10-01 07:15,52383.294
2024-10-01 13:45,52870.4587
2024-10-01 14:00,53362.1539
2024-10-01 14:30,53858.422
2024-10-01 14:30,54359.3053
2024-10-01 15:00,54211.9916
2024-10-05 17:00,54716.1631
2024-10-05 21:30,54130.7002
2024-10-06 14:30,54634.1157
2024-10-06 23:00,54049.5306
2024-10-07 18:45,54552.1913
2024-10-11 12:00,54488.3652
2024-10-12 06:15,54638.2082
2024-10-14 03:45,55146.3435
2024-10-14 03:45,55659.2045
2024-10-14 04:00,56176.8351
2024-10-14 04:00,56699.2797
2024-10-14 04:15,57226.583
2024-10-14 08:15,57758.7902
2024-10-16 07:00,58295.947
2024-10-16 13:30,57834.2431
2024-10-17 21:30,58372.1015
2024-10-18 07:45,58914.9621
2024-10-18 10:30,59462.8712
2024-10-20 06:15,60015.8759
2024-10-20 11:00,60574.0236
2024-10-23 07:15,59925.8815
2024-10-24 01:00,60483.1922
2024-10-24 23:15,61045.6859
2024-10-25 04:15,60392.4971
2024-10-25 05:15,60954.1473
2024-10-25 10:45,61521.0209
2024-10-27 13:15,62093.1664
2024-10-28 02:15,62670.6328
2024-10-28 06:45,62000.057
2024-10-29 02:00,62576.6576
2024-11-01 22:00,63158.6205
2024-11-01 23:45,63745.9957
2024-11-02 14:15,64338.8334
2024-11-02 15:30,64937.1846
2024-11-02 20:30,65541.1004
2024-11-04 15:15,66150.6326
2024-11-05 14:15,65442.8208
2024-11-09 05:30,66051.4391
2024-11-12 00:15,66665.7175
2024-11-12 23:45,65952.3943
2024-11-13 01:00,65246.7037
2024-11-13 11:15,64548.5639
2024-11-13 17:30,63857.8943
2024-11-14 06:45,63174.6148
2024-11-14 06:45,63762.1387
2024-11-14 18:45,63079.8839
2024-11-15 21:15,63666.5268
2024-11-16 06:30,62985.2949
2024-11-18 00:15,63571.0582
2024-11-18 02:00,64162.269
2024-11-18 03:45,63475.7328
2024-11-18 09:30,62796.5424
2024-11-18 18:30,63380.5503
2024-11-19 20:30,62702.3784
2024-11-20 11:45,62031.4629
2024-11-20 15:00,61367.7263
2024-11-21 10:15,61938.4461
2024-11-21 13:00,62514.4737
2024-11-21 14:30,61845.5688
2024-11-21 15:00,61183.8212
2024-11-23 07:30,61752.8308
2024-11-25 02:45,61092.0755
2024-11-25 06:00,61660.2318
2024-11-25 11:00,61000.4673
2024-11-25 11:30,60347.7623
2024-11-25 14:15,60908.9965
2024-11-27 04:45,61475.4501
2024-11-27 16:30,62047.1718
2024-11-27 17:00,62624.2105
2024-11-29 15:30,63206.6157
2024-11-29 15:30,63794.4372
2024-11-29 23:00,64387.7255
2024-12-01 08:45,64986.5313
2024-12-01 17:00,64291.1754
2024-12-02 17:30,64889.0834
2024-12-02 20:00,65492.5518
2024-12-02 21:00,66101.6326
2024-12-04 02:45,66716.3778
2024-12-05 00:15,66002.5125
2024-12-05 13:45,66616.3359
2024-12-05 17:15,65903.5411
2024-12-06 15:30,65323.9194
2024-12-06 16:15,65931.4319
2024-12-06 19:30,66544.5942
2024-12-07 17:15,67163.4589
2024-12-08 06:30,67788.0791
2024-12-08 09:45,68418.5082
2024-12-13 06:00,69054.8004
2024-12-16 08:30,69697.01
2024-12-17 09:00,70345.1922
2024-12-17 22:00,70999.4025
2024-12-17 22:45,71659.6969
2024-12-21 13:00,72326.1321
2024-12-21 13:15,71552.2425
2024-12-21 13:15,70786.6335
2024-12-21 13:30,71444.9492
2024-12-21 13:30,72109.3872
2024-12-21 13:30,72780.0045
2024-12-21 13:30,73456.8586
2024-12-21 13:45,74140.0074
2024-12-21 13:45,74829.5094
2024-12-21 14:30,75525.4239
2024-12-22 03:15,76227.8103
2024-12-26 02:15,76936.7289
2024-12-28 11:15,77652.2405
2024-12-29 15:00,78374.4064
2024-12-29 16:30,79103.2883
2024-12-29 17:15,79838.9489
2024-12-29 17:45,80581.4511
2024-12-31 01:45,79719.2296
2024-12-31 03:15,78866.2339
2024-12-31 19:45,79599.6898
2025-01-01 05:15,80339.967
2025-01-01 06:15,79480.3293
2025-01-02 06:15,80219.4964
2025-01-03 11:45,80965.5377
2025-01-05 23:45,81718.5172
2025-01-06 13:15,82478.4994
2025-01-06 16:45,83245.5494
2025-01-07 15:30,82354.8221
2025-01-10 17:15,81473.6255
2025-01-11 20:15,80660.926
2025-01-12 13:45,81411.0727
2025-01-12 15:00,82168.1956
2025-01-13 03:30,82932.3599
2025-01-13 04:30,83703.6308
2025-01-13 07:45,84482.0746
2025-01-17 07:45,85267.7579
2025-01-18 18:00,86060.748
2025-01-19 06:15,86861.113
2025-01-19 08:15,87668.9213
2025-01-19 14:45,88484.2423
2025-01-19 22:30,89307.1457
2025-01-19 22:45,90137.7022
2025-01-20 07:00,89173.2288
2025-01-20 15:45,90002.5398
2025-01-20 21:30,90839.5634
2025-01-20 21:30,89867.5801
2025-01-20 23:15,90703.3486
2025-01-21 00:15,91546.8897
2025-01-21 00:45,92398.2758
2025-01-21 00:45,91409.6143
2025-01-21 00:45,90431.5314
2025-01-21 01:15,91272.5446
2025-01-22 11:30,92121.3793
2025-01-22 21:45,92978.1081
2025-01-22 22:30,93842.8045
2025-01-22 22:30,94715.5426
2025-01-23 02:45,95596.3972
2025-01-23 07:30,96485.4437
2025-01-24 05:15,97382.7583
2025-01-24 21:30,98288.4179
2025-01-25 01:30,97236.7319
2025-01-25 04:45,96196.2988
2025-01-26 21:30,97090.9244
2025-01-26 21:45,97993.87
2025-01-26 22:00,98905.213
2025-01-26 23:00,99825.0315
2025-01-26 23:15,100753.4043
2025-01-26 23:30,101690.4109
2025-01-26 23:45,102636.1317
2025-01-28 17:15,103590.6478
2025-01-28 17:45,104554.0408
2025-01-28 18:30,105526.3934
2025-01-28 19:15,106507.7888
2025-01-28 19:30,107498.3113
2025-01-28 19:45,108498.0456
2025-01-28 20:15,109507.0774
2025-01-28 20:30,110525.4932
2025-01-28 21:00,111553.3803
2025-01-31 06:00,110359.7591
2025-02-01 06:30,111386.1049
2025-02-04 05:15,110194.2736
2025-02-04 05:30,111219.0803
2025-02-04 05:45,110029.0361
2025-02-04 05:45,111052.3062
2025-02-04 06:00,112085.0926
2025-02-04 06:15,113127.484
2025-02-06 01:15,111917.0199
2025-02-06 15:30,112957.8482
2025-02-07 18:30,114008.3562
2025-02-09 15:00,113071.2075
2025-02-09 20:15,114122.7697
2025-02-09 23:30,112901.6561
2025-02-10 12:15,113951.6415
2025-02-10 14:30,112732.3589
2025-02-11 17:00,113780.7699
2025-02-12 20:30,114838.931
2025-02-13 07:15,113610.1545
2025-02-14 05:30,114666.7289
2025-02-15 12:45,115733.1295
2025-02-17 10:15,116809.4476
2025-02-17 10:15,117895.7755
2025-02-17 20:00,118992.2062
2025-02-20 16:00,120098.8337
2025-02-21 18:00,121215.7528
2025-02-22 12:00,122343.0593
2025-02-23 17:30,123480.8498
2025-02-23 17:45,124629.2217
2025-02-24 01:15,125788.2735
2025-02-24 03:00,126958.1044
2025-02-26 14:45,128138.8148
2025-02-26 20:30,126767.7294
2025-02-26 20:30,125411.3147
2025-02-26 20:30,124069.4137
2025-02-27 21:15,125223.2592
2025-02-28 00:30,126387.8355
2025-02-28 01:45,127563.2424
2025-02-28 02:00,128749.5806
2025-02-28 02:00,129946.9517
2025-02-28 02:15,131155.4583
2025-02-28 15:15,132375.2041
2025-03-01 11:00,130958.7894
2025-03-01 15:00,129557.5303
2025-03-02 00:30,130762.4154
2025-03-02 02:30,129363.2575
2025-03-02 13:45,130566.3358
2025-03-02 16:30,129169.276
2025-03-03 07:30,130370.5503
2025-03-07 19:45,131582.9964
2025-03-09 00:00,132806.7183
2025-03-09 04:30,134041.8208
2025-03-09 08:15,132607.5733
2025-03-09 10:30,133840.8237
2025-03-10 16:45,135085.5434
2025-03-10 18:15,136341.8389
2025-03-10 18:45,134882.9812
2025-03-10 19:00,136137.393
2025-03-12 00:30,137403.4707
2025-03-13 07:15,138681.323
2025-03-13 15:45,139971.0593
2025-03-13 16:00,141272.7902
2025-03-13 17:15,139761.1713
2025-03-13 18:30,138265.7268
2025-03-14 08:30,137808.0672
2025-03-14 12:45,139089.6822
2025-03-14 16:00,140383.2163
2025-03-17 02:00,141688.7802
2025-03-17 23:00,140172.7102
2025-03-18 01:45,141476.3165
2025-03-18 21:00,142792.0462
2025-03-19 00:00,144120.0122
2025-03-19 08:30,145460.3283
2025-03-20 18:15,144581.0207
2025-03-21 02:30,143034.0037
2025-03-23 10:45,144364.22
2025-03-23 12:45,145706.8072
2025-03-24 01:30,147061.8805
2025-03-24 02:00,148429.556
2025-03-24 03:30,149809.9509
2025-03-24 03:30,151203.1834
2025-03-25 13:45,152609.373
2025-03-25 16:30,151460.2245
2025-03-27 05:45,149839.6001
2025-03-31 01:15,151233.1083
2025-03-31 03:15,152639.5762
2025-03-31 05:00,154059.1243
2025-04-02 00:15,155491.8742
2025-04-02 02:45,153828.1111
2025-04-02 03:00,152182.1503
2025-04-02 17:15,153597.4443
2025-04-02 17:30,155025.9005
2025-04-04 12:30,153367.1234
2025-04-04 12:30,151726.0952
2025-04-04 12:30,150102.626
2025-04-05 10:45,151498.5804
2025-04-05 13:30,152907.5172
2025-04-05 16:30,154329.5571
2025-04-06 13:00,155764.822
2025-04-06 18:30,157213.4348
2025-04-08 16:30,158675.5198
2025-04-08 17:30,160151.2021
2025-04-08 17:45,161640.6083
2025-04-08 18:30,163143.8659
2025-04-08 18:30,164661.1039
2025-04-08 19:30,166192.4522
2025-04-08 19:45,167738.042
2025-04-09 18:15,169298.0058
2025-04-11 03:00,170872.4772
2025-04-11 11:00,172461.5912
2025-04-11 14:15,174065.484
2025-04-11 15:00,175684.293
2025-04-13 19:00,173804.4711
2025-04-14 05:30,171944.7633
2025-04-14 13:15,173543.8496
2025-04-15 05:15,171957.6588
2025-04-18 02:45,173556.865
2025-04-18 17:00,171828.2386
2025-04-20 06:45,173426.2412
2025-04-20 09:15,172357.9356
2025-04-21 00:45,171970.1302
2025-04-21 20:45,171115.4387
2025-04-22 07:45,172706.8123
2025-04-22 08:15,174312.9856
2025-04-22 10:45,175934.0964
2025-04-22 12:15,177570.2835
2025-04-22 13:00,179221.6871
2025-04-22 13:00,180888.4488
2025-04-22 14:00,182570.7114
2025-04-22 14:00,184268.619
2025-04-24 16:15,185982.3172
2025-04-25 00:15,187711.9527
2025-04-25 02:00,189457.6739
2025-04-25 16:30,187430.4768
2025-04-27 01:15,185424.9707
2025-04-27 03:15,184530.2952
2025-04-28 17:00,182555.821
2025-04-29 13:30,182654.4012
2025-04-29 14:00,182311.0109
2025-04-29 21:30,184006.5033
2025-04-30 02:15,182037.6337
2025-05-02 08:15,183730.5837
2025-05-02 20:45,185439.2781
2025-05-03 08:30,187163.8634
2025-05-07 18:00,185161.2101
2025-05-07 18:00,183179.9851
2025-05-08 02:15,184883.559
2025-05-08 03:30,186602.9761
2025-05-08 03:30,188338.3838
2025-05-12 05:15,190089.9307
2025-05-12 07:45,188055.9685
2025-05-12 07:45,189804.889
2025-05-12 07:45,191570.0745
2025-05-12 08:30,193351.6762
2025-05-12 10:00,195149.8467
2025-05-12 13:30,193061.7434
2025-05-13 13:00,194857.2176
2025-05-13 15:45,196669.3897
2025-05-13 16:30,198498.415
2025-05-13 16:45,200344.4503
2025-05-13 17:30,202207.6537
2025-05-13 17:45,200947.9
2025-05-13 18:30,202816.7155
2025-05-17 13:00,204702.9109
2025-05-18 21:00,206606.648
2025-05-19 03:30,208528.0898
2025-05-20 07:45,206296.8393
2025-05-20 13:15,204089.4631
2025-05-20 13:45,201905.7058
2025-05-20 14:00,199745.3148
2025-05-26 15:15,198431.9893
2025-05-26 16:45,200277.4068
2025-05-27 05:45,198134.4386
2025-05-28 04:30,199977.0889
2025-05-28 08:45,201836.8758
2025-05-28 21:15,199677.2212
2025-05-29 09:45,198295.4548
2025-05-29 15:15,200139.6026
2025-06-01 08:00,199201.9485
2025-06-01 08:00,201054.5267
2025-06-02 05:00,198903.2432
2025-06-02 12:00,196774.9785
2025-06-02 12:30,194669.4863
2025-06-02 15:15,192586.5227
2025-06-04 00:45,194377.5774
2025-06-04 03:30,193350.2919
2025-06-08 16:00,191281.4438
2025-06-08 17:00,190219.8318
2025-06-08 17:15,191988.8762
2025-06-09 13:15,193774.3728
2025-06-09 13:30,195576.4744
2025-06-09 18:45,197395.3356
2025-06-14 13:30,195283.2055
2025-06-14 18:00,193643.803
2025-06-14 19:30,191571.8143
2025-06-15 08:15,193353.4322
2025-06-16 13:00,191284.5505
2025-06-20 15:15,193063.4968
2025-06-20 15:30,194858.9873
2025-06-20 15:45,196671.1759
2025-06-20 15:45,198500.2179
2025-06-20 15:45,200346.2699
2025-06-20 18:15,199474.7636
2025-06-27 18:00,201329.8789
2025-06-27 21:30,201233.2406
2025-06-28 15:45,203104.7097
2025-06-28 18:30,204993.5835
2025-06-28 19:30,206900.0238
2025-06-29 08:00,206925.8863
2025-06-29 20:45,208850.2971
2025-06-30 18:15,210792.6048
2025-07-07 17:30,212752.9761
2025-07-07 19:15,210722.2489
2025-07-13 08:45,212681.9658
2025-07-13 09:30,214659.9081
2025-07-13 13:00,213928.9911
2025-07-13 14:45,215918.5307
2025-07-15 14:30,217926.5731
2025-07-15 18:30,219953.2902
2025-07-15 19:30,221998.8558
2025-07-15 19:30,224063.4452
2025-07-15 21:15,226147.2352
2025-07-19 19:15,228250.4045
2025-07-19 21:00,230373.1332
2025-07-19 22:30,232515.6034
2025-07-20 04:00,234677.9985
2025-07-20 08:15,236860.5039
2025-07-22 20:15,234326.0965
2025-07-23 06:15,231818.8073
2025-07-23 15:30,233974.7222
2025-07-25 04:30,231471.1926
2025-07-25 04:45,228994.4509
2025-07-25 19:30,226544.2103
2025-07-28 13:45,228651.0714
2025-07-29 10:15,226204.5049
2025-07-29 17:15,228308.2068
2025-07-31 02:15,226719.1817
2025-07-31 19:45,228827.6701
2025-08-01 21:30,226379.214
2025-08-06 15:15,228484.5407
2025-08-10 02:00,228162.3775
2025-08-10 05:30,225721.0401
2025-08-10 16:45,227820.2458
2025-08-11 06:15,225382.5691
2025-08-11 07:45,227478.627
2025-08-11 19:30,229594.1783
2025-08-11 19:45,227137.5205
2025-08-12 13:30,229249.8995
2025-08-12 15:45,231381.9236
2025-08-12 16:00,233533.7754
2025-08-15 17:15,231034.964
2025-08-18 00:15,233183.5892
2025-08-18 00:15,235352.1966
2025-08-18 00:30,237540.972
2025-08-18 02:00,239750.1031
2025-08-18 02:45,241979.779
2025-08-19 14:15,244230.191
2025-08-20 02:15,242516.9162
2025-08-21 17:30,244772.3235
2025-08-21 19:30,242153.2596
2025-08-22 01:45,244405.2849
2025-08-22 01:45,246678.2541
2025-08-22 05:30,248972.3619
2025-08-22 14:30,251287.8048
2025-08-22 14:45,253624.7814
2025-08-24 19:30,250910.9962
2025-08-24 19:30,248226.2486
2025-08-24 19:30,245570.2277
2025-08-24 19:30,242942.6263
2025-08-25 06:00,245201.9927
2025-08-25 06:00,247482.3712
2025-08-25 06:15,249783.9573
2025-08-25 06:30,252106.9481
2025-08-27 09:00,249409.4038
2025-08-28 02:15,246740.7231
2025-08-28 12:45,245280.0181
2025-08-29 04:45,247561.1222
2025-08-29 07:00,249863.4407
2025-08-29 07:30,252187.1707
2025-08-29 07:45,254532.5113
2025-08-29 08:15,251809.0135
2025-08-31 15:00,254150.8373
2025-08-31 15:30,256514.4401
2025-08-31 23:00,258900.0244
2025-08-31 23:30,261307.7946
2025-08-31 23:45,263737.9571
2025-08-31 23:45,266190.7201
2025-09-01 00:00,268666.2938
2025-09-01 00:15,265791.5645
2025-09-01 18:30,268263.426
2025-09-01 19:30,270758.2759
2025-09-01 22:45,267861.1623
2025-09-02 17:30,264995.0479
2025-09-03 16:00,262159.6009
2025-09-05 03:00,264597.6852
2025-09-05 04:45,267058.4436
2025-09-05 12:30,264200.9183
2025-09-07 02:15,266657.9868
2025-09-07 03:45,269137.9061
2025-09-07 19:00,266258.1305
2025-09-09 06:45,268734.3311
2025-09-10 05:45,271233.5604
2025-09-10 07:30,273756.0325
2025-09-10 13:00,276301.9636
2025-09-12 19:30,278871.5719
2025-09-12 20:15,281465.0775
2025-09-13 01:15,284082.7027
2025-09-15 06:30,281997.5357
2025-09-16 17:15,281100.7835
2025-09-17 11:00,278093.0051
2025-09-17 22:45,280679.2701
2025-09-22 00:45,283289.5873
2025-09-24 04:30,280258.3887
2025-09-25 02:30,282864.7917
2025-09-25 02:30,285495.4343
2025-09-25 02:30,288150.5418
2025-09-25 02:30,290830.3419
2025-09-25 03:15,293535.064
2025-09-25 03:45,296264.9401
2025-09-27 10:30,299020.2041
2025-09-28 04:30,297094.514
2025-09-28 07:00,293915.6027
2025-09-28 20:30,296649.0178
2025-09-29 12:30,293474.8733
2025-09-29 12:30,290334.6921
2025-09-30 13:45,289007.8626
2025-09-30 20:30,291695.6357
2025-10-01 08:30,294408.4051
2025-10-01 08:30,297146.4033
2025-10-01 08:30,299909.8648
2025-10-01 08:45,302699.0266
2025-10-01 08:45,305514.1275
2025-10-01 09:00,308355.4089
2025-10-01 09:15,311223.1142
2025-10-02 15:45,307893.0269
2025-10-03 17:00,304598.5715
2025-10-03 17:00,301339.3668
2025-10-03 17:00,298115.0356
2025-10-03 17:00,294925.2047
2025-10-03 17:00,291769.505
2025-10-04 23:45,294482.9614
2025-10-05 03:15,297221.6529
2025-10-05 03:30,299985.8143
2025-10-05 04:15,302775.6824
2025-10-05 04:45,299535.9826
2025-10-05 05:00,302321.6672
2025-10-06 11:00,305133.2587
2025-10-06 11:30,307970.998
2025-10-06 13:00,310835.1283
2025-10-06 14:00,307509.1924
2025-10-06 14:15,310369.0279
2025-10-06 15:15,307048.0793
2025-10-06 16:00,304275.4352
2025-10-09 02:00,307105.1967
2025-10-09 02:15,309961.275
2025-10-09 04:15,312843.9149
2025-10-10 16:00,315753.3633
2025-10-10 16:00,318689.8696
2025-10-10 16:00,321653.6854
2025-10-10 16:00,324645.0647
2025-10-10 16:00,327664.2638
2025-10-10 16:15,330711.5414
2025-10-10 17:15,333787.1587
2025-10-12 03:15,330215.6361
2025-10-14 04:45,333286.6416
2025-10-15 14:00,336386.2073
2025-10-15 15:45,339514.5991
2025-10-15 17:30,342672.0848
2025-10-19 09:30,339005.4935
2025-10-20 05:30,335378.1347
2025-10-21 15:00,331789.5887
2025-10-21 23:30,334875.2319
2025-10-23 17:00,337989.5715
2025-10-26 08:15,341132.8745
2025-10-26 09:15,344305.4103
2025-10-26 09:30,347507.4506
2025-10-26 09:30,350739.2699
2025-10-26 09:45,354001.1451
2025-10-26 10:45,357293.3557
2025-10-28 06:45,360616.1839
2025-10-28 14:30,356757.5908
2025-10-30 00:45,360075.4364
2025-10-30 06:30,363424.1379
2025-10-30 06:30,366803.9824
2025-10-30 07:00,370215.2595
2025-10-30 08:15,373658.2614
2025-10-30 11:00,377133.2832
2025-10-30 12:15,380640.6227
2025-10-30 12:45,384180.5805
2025-11-02 15:00,387753.4599
2025-11-02 15:00,391359.5671
2025-11-02 18:00,394999.2111
2025-11-03 03:00,398672.7037
2025-11-03 03:30,402380.3599
2025-11-04 17:30,406122.4972
2025-11-06 17:00,401776.9865
2025-11-07 05:15,405513.5125
2025-11-08 17:15,402756.0206
2025-11-09 13:45,406501.6516
2025-11-09 16:15,410282.1169
2025-11-09 16:45,414097.7406
2025-11-09 17:15,417948.8496
2025-11-09 18:00,421835.7739
2025-11-12 16:00,417322.1311
2025-11-12 16:15,412856.7843
2025-11-12 16:15,408439.2167
2025-11-12 16:30,412237.7015
2025-11-13 15:30,416071.5121
2025-11-13 16:45,419940.9771
2025-11-13 17:00,423846.4282
2025-11-13 17:30,427788.2
2025-11-13 17:30,431766.6303
2025-11-13 17:30,435782.0599
2025-11-13 17:30,439834.8331
2025-11-13 17:45,443925.297
2025-11-16 01:45,439175.2964
2025-11-16 14:30,443259.6266
2025-11-16 14:30,447381.9412
2025-11-16 16:15,451542.5932
2025-11-17 16:00,455741.9393
2025-11-17 16:00,459980.3394
2025-11-17 17:30,464258.1565
2025-11-17 17:30,468575.7574
2025-11-17 17:45,472933.5119
2025-11-17 18:00,477331.7936
2025-11-18 15:00,472224.3434
2025-11-19 07:00,476616.0298
2025-11-19 07:00,481048.5589
2025-11-19 07:15,485522.3104
2025-11-19 15:00,490037.6679
2025-11-20 16:00,494595.0182
2025-11-20 16:15,499194.7519
2025-11-20 16:15,503837.2631
2025-11-20 16:30,508522.9497
2025-11-20 16:30,503081.7541
2025-11-20 16:30,507760.4144
2025-11-20 16:45,512482.5863
2025-11-20 17:00,517248.6743
2025-11-23 16:45,522059.087
2025-11-24 00:45,516473.0548
2025-11-24 01:00,510946.7931
2025-11-25 00:30,510170.1539
2025-11-25 07:15,514914.7364
2025-11-25 07:45,509405.1487
2025-11-25 09:45,514142.6166
2025-11-26 01:15,508641.2906
2025-11-26 17:45,513371.6546
2025-11-26 18:15,507878.5779
2025-11-26 18:15,512601.8487
2025-11-26 18:45,507117.0089
2025-11-26 19:45,511833.1971
2025-11-27 21:00,506356.5818
2025-11-28 00:15,511065.6981
2025-11-28 11:00,515818.6091
2025-11-29 15:45,520615.7221
2025-11-29 17:30,515045.1339
2025-11-30 13:45,511622.659
2025-12-01 00:00,516380.7497
2025-12-01 00:00,521183.0907
2025-12-01 00:00,526030.0934
2025-12-01 00:15,530922.1733
2025-12-01 00:15,535859.7495
2025-12-01 00:15,540843.2452
2025-12-01 00:30,545873.0873
2025-12-04 13:00,550949.7071
2025-12-07 15:00,545054.5452
2025-12-07 15:00,539222.4616
2025-12-08 01:00,533452.7812
2025-12-08 06:30,538413.8921
2025-12-08 12:30,543421.1413
2025-12-09 10:30,537606.5351
2025-12-09 15:30,542606.2758
2025-12-09 15:45,547652.5142
2025-12-09 15:45,552745.6826
2025-12-09 16:00,546831.3038
2025-12-09 16:00,551916.8349
2025-12-09 16:00,557049.6615
2025-12-10 05:15,556272.5772
2025-12-10 20:45,550320.4606
2025-12-10 20:45,544432.0317
2025-12-10 20:45,538606.609
2025-12-10 20:45,532843.5182
2025-12-10 20:45,527142.0926
2025-12-10 20:45,521501.6722
2025-12-10 20:45,515921.6043
2025-12-11 01:45,520719.6752
2025-12-12 08:15,525562.3682
2025-12-12 15:45,530450.0982
2025-12-12 15:45,524774.2822
2025-12-12 16:00,529654.683
2025-12-12 16:00,523987.3779
2025-12-12 16:00,518380.713
2025-12-14 06:15,523201.6536
2025-12-14 07:45,528067.429
2025-12-15 15:15,532978.4561
2025-12-15 15:15,537935.1557
2025-12-15 15:15,542937.9526
2025-12-15 15:30,547987.2756
2025-12-15 15:30,553083.5573
2025-12-15 15:45,558227.2344
2025-12-15 16:15,563418.7476
2025-12-17 11:30,557390.167
2025-12-17 11:30,551426.0922
2025-12-17 22:15,545525.8331
2025-12-18 20:00,550599.2233
2025-12-18 20:45,544707.8116
2025-12-21 03:15,549773.5943
2025-12-21 06:00,543891.0168
2025-12-21 10:30,538071.3829
2025-12-22 13:15,532314.0191
2025-12-23 06:00,537264.5395
2025-12-26 03:15,542261.0997
2025-12-26 09:30,536458.906
2025-12-26 13:15,535023.8784
2025-12-26 17:45,530486.8759
2025-12-26 19:00,527266.8206
2025-12-27 09:30,532170.402
2025-12-27 23:15,537119.5867
2025-12-29 01:45,542114.7989
2025-12-29 02:00,547156.4665
2025-12-29 02:45,552245.0217
2025-12-29 05:00,546335.9999
2025-12-29 13:00,540490.2047
2025-12-31 16:30,538793.0655
2025-12-31 16:30,536139.5096
2026-01-01 12:00,541125.6071
2026-01-02 23:30,546158.0752
2026-01-04 14:00,551237.3453
2026-01-05 17:15,556363.8526
2026-01-07 09:00,552402.542
2026-01-07 09:30,546491.8348
2026-01-10 23:45,540644.3722
2026-01-11 04:00,535919.1404
2026-01-11 23:15,530184.8056
2026-01-12 10:00,524511.8281
2026-01-12 17:30,529389.7881
2026-01-13 08:30,534313.1132
2026-01-13 15:00,539282.2251
2026-01-15 01:30,544297.5498
2026-01-15 07:45,549359.517
2026-01-17 06:45,554468.5605
2026-01-18 03:30,559625.1181
2026-01-18 04:45,564829.6317
2026-01-18 09:45,570082.5473
2026-01-18 23:45,575384.315
2026-01-18 23:45,580735.3891
2026-01-20 07:15,586136.2283
2026-01-21 18:45,579864.5706
2026-01-22 15:45,573660.0197
2026-01-22 16:45,567521.8575
2026-01-23 15:30,561449.3736
2026-01-25 01:45,566670.8528
2026-01-25 16:30,560607.4747
2026-01-27 07:15,565821.1242
2026-01-27 14:00,559766.8382
2026-01-29 02:00,564972.6698
2026-01-29 02:30,570226.9156
2026-01-29 02:45,575530.0259
2026-01-30 06:30,571938.7185
2026-01-31 10:15,577257.7486
2026-01-31 12:45,582626.2457
2026-02-03 15:15,588044.6698
2026-02-03 15:15,593513.4852
2026-02-03 19:00,587162.8909
2026-02-03 19:15,580880.248
2026-02-03 19:15,574664.8293
2026-02-03 19:15,568515.9156
2026-02-03 19:15,562432.7953
2026-02-04 22:15,567663.4203
2026-02-05 05:30,572942.6902
2026-02-08 13:45,578271.0572
2026-02-10 07:45,583648.978
2026-02-10 08:15,589076.9135
2026-02-10 08:30,594555.3288
2026-02-10 09:00,600084.6934
2026-02-12 19:15,593663.7871
2026-02-12 22:00,591633.457
2026-02-13 18:00,593080.0008
2026-02-18 18:30,598595.6448
2026-02-18 19:30,604162.5843
2026-02-21 17:45,609781.2963
2026-02-22 00:30,615452.2624
2026-02-22 00:30,608866.9232
2026-02-23 16:15,614529.3856
2026-02-23 18:30,620244.5088
2026-02-23 23:30,626012.7828
2026-02-24 01:30,631834.7017
2026-02-24 01:30,637710.7644
2026-02-24 06:00,630887.2592
2026-02-27 04:15,636754.5107
2026-02-27 04:15,642676.3277
2026-02-27 05:15,648653.2175
2026-02-27 06:15,641712.6281
2026-02-27 06:15,634846.303
2026-03-04 07:00,640750.3736
2026-03-04 08:15,646709.352
2026-03-10 22:45,639789.562
2026-03-11 21:00,635000.7371
2026-03-12 22:00,640906.244
2026-03-12 22:45,646866.672
2026-03-13 00:00,652882.5321
2026-03-13 00:30,658954.3396
2026-03-13 00:30,665082.615
2026-03-13 01:00,671267.8833
2026-03-13 18:15,677510.6746
2026-03-14 01:15,670261.3104
2026-03-14 06:45,663089.5144
2026-03-14 23:45,669256.2469
2026-03-15 00:15,675480.33
2026-03-15 01:00,681762.297
2026-03-17 08:00,688102.6864
2026-03-21 17:00,694502.0414
2026-03-22 13:15,692772.7313
2026-03-22 18:15,699215.5177
2026-03-25 02:00,705718.222
2026-03-25 02:15,712281.4015
2026-03-25 03:00,718905.6185
2026-03-26 05:30,725591.4408
2026-03-29 01:00,732339.4412
2026-03-29 01:00,739150.198
2026-03-29 02:15,746024.2948
2026-03-29 05:15,752962.3207
2026-03-29 09:15,759964.8703
2026-03-29 15:30,756742.6193
2026-03-30 16:15,763780.3256
2026-03-30 16:30,759109.8089
2026-03-31 00:45,750987.334
2026-04-01 00:15,757971.5162
2026-04-02 01:30,749861.221
2026-04-02 01:30,756834.9303
2026-04-02 01:30,763873.4952
2026-04-02 01:30,770977.5187
2026-04-02 01:45,778147.6096
2026-04-02 03:00,785384.3824
2026-04-05 02:00,792688.4571
2026-04-05 03:45,800060.4598
2026-04-05 04:30,794928.0719
2026-04-05 06:00,786422.3416
2026-04-06 01:45,793736.0693
2026-04-07 19:15,801117.8148
2026-04-07 20:00,808568.2105
2026-04-07 20:15,816087.8948
2026-04-07 20:15,823677.5122
2026-04-07 20:45,831337.7131
2026-04-07 22:00,839069.1538
2026-04-07 22:00,846872.497
2026-04-07 22:30,854748.4112
2026-04-09 16:30,853051.7356
2026-04-09 18:00,860985.1167
2026-04-09 22:30,868992.2783
2026-04-11 18:00,868914.069
2026-04-12 02:15,876994.9699
2026-04-12 02:15,885151.0231
2026-04-14 09:30,893382.9276
2026-04-14 16:00,901691.3888
2026-04-15 03:45,910077.1187
2026-04-15 15:00,918540.8359
2026-04-15 15:00,927083.2657
2026-04-15 15:30,935705.1401
2026-04-15 16:30,944407.1979
2026-04-15 20:15,934302.0409
2026-04-15 23:00,942991.0499
2026-04-16 14:45,939219.0857
2026-04-17 13:00,947953.8232
2026-04-17 18:45,956769.7937
2026-04-21 20:00,946532.3569
2026-04-23 17:00,936404.4607
2026-04-24 02:45,945113.0222
2026-04-25 07:00,953902.5733
2026-04-26 07:00,962773.8672
2026-04-26 07:15,971727.6642
2026-04-27 06:15,972242.6798
2026-04-27 06:30,965242.5326
2026-04-27 06:45,974219.2881
2026-04-29 15:00,983279.5275
2026-04-30 02:30,992424.0271
2026-05-02 01:00,989903.2701
2026-05-02 06:00,985612.0394
2026-05-03 18:15,994778.2314
2026-05-03 20:15,1004029.6689
2026-05-05 13:15,1013367.1448
2026-05-05 15:30,1022791.4593
2026-05-07 13:30,1015002.9023
2026-05-08 07:00,1024442.4293
2026-05-08 14:30,1033969.7439
2026-05-08 15:15,1043585.6625
2026-05-08 15:45,1053291.0092
2026-05-08 16:00,1063086.6156
2026-05-08 16:15,1072973.3211
2026-05-08 16:45,1082951.973
2026-05-08 17:15,1093023.4263
2026-05-10 12:00,1103188.5442
2026-05-10 13:30,1091384.4268
2026-05-10 14:45,1101534.3019
2026-05-10 15:00,1111778.5709
2026-05-10 15:15,1122118.1116
2026-05-10 16:00,1132553.8101
2026-05-10 16:00,1143086.5605
2026-05-10 19:00,1137782.6389
2026-05-11 17:00,1128851.0452
2026-05-12 08:15,1139349.3599
2026-05-13 00:15,1149945.3089
2026-05-13 10:00,1142476.4141
2026-05-13 13:00,1153101.4448
2026-05-13 13:30,1163825.2882
2026-05-13 13:30,1174648.8634
2026-05-13 13:45,1167354.294
2026-05-14 06:45,1178210.6889
2026-05-14 16:45,1165603.8345
2026-05-15 07:15,1176443.9502
2026-05-16 16:45,1175538.0884
2026-05-17 23:30,1186470.5926
2026-05-17 23:30,1173775.3572
2026-05-18 02:00,1184691.4681
2026-05-19 12:00,1195709.0987
2026-05-19 20:30,1182915.0114
2026-05-20 09:00,1193916.121
2026-05-23 16:00,1205019.5409
2026-05-24 15:00,1216226.2226
2026-05-25 14:00,1207499.7995
2026-05-26 12:00,1194579.5516
2026-05-26 13:15,1184891.5115
2026-05-27 21:00,1172213.1723
2026-05-29 14:45,1159670.4913
2026-05-29 14:45,1147262.0171
2026-05-29 14:45,1134986.3135
2026-05-31 09:30,1145541.6862
2026-05-31 14:15,1133284.3902
2026-05-31 14:15,1121158.2472
2026-05-31 14:45,1131585.0189
2026-05-31 15:30,1142108.7596
2026-05-31 15:45,1152730.371
2026-05-31 15:45,1140396.1561
2026-06-01 10:45,1151001.8403
2026-06-01 11:45,1161706.1574
2026-06-02 15:15,1172510.0247
2026-06-09 03:45,1183414.3679
2026-06-09 08:00,1194420.1215
2026-06-13 11:15,1184339.2157
2026-06-14 13:15,1195353.5704
2026-06-14 21:45,1206470.3586
2026-06-14 21:45,1217690.533
2026-06-14 21:45,1229015.0549
2026-06-14 21:45,1240444.8949
2026-06-14 21:45,1251981.0325
2026-06-14 22:00,1263624.4561
2026-06-14 22:00,1275376.1635
2026-06-14 22:15,1287237.1618
2026-06-14 22:15,1299208.4674
2026-06-16 13:00,1285306.9368
2026-06-17 01:30,1271554.1526
2026-06-17 02:30,1257948.5232
2026-06-18 11:00,1269647.4444
2026-06-19 08:15,1256062.2168
2026-06-20 14:45,1242622.3511
2026-06-22 00:15,1229326.2919
2026-06-22 08:15,1218944.6314
2026-06-22 19:30,1230280.8164
2026-06-22 20:45,1241722.428
2026-06-23 20:30,1253270.4466
2026-06-24 13:30,1264925.8618
2026-06-24 13:45,1276689.6723
2026-06-24 13:45,1288562.8862
2026-06-24 18:15,1274775.2633
2026-06-25 12:30,1286630.6733
2026-06-25 13:30,1298596.3386
2026-06-25 13:30,1310673.2845
2026-06-27 18:30,1322862.5461
2026-06-27 19:30,1335165.1677
2026-06-27 20:00,1347582.2038
2026-06-29 04:30,1360114.7183
2026-06-30 01:15,1372763.7852
2026-06-30 06:15,1385530.4884
2026-06-30 08:15,1398415.9219
2026-06-30 11:45,1383452.8715
2026-06-30 13:45,1368649.9258
2026-07-01 06:00,1381378.3701
2026-07-05 12:15,1376260.3633
2026-07-05 12:15,1374498.75
2026-07-06 01:15,1359791.6134
2026-07-06 17:00,1347791.4524
2026-07-06 18:30,1360325.9129
2026-07-11 18:15,1345770.4256
2026-07-12 13:15,1331370.6821
2026-07-14 12:30,1343752.4294
2026-07-15 20:15,1356249.327
2026-07-18 18:15,1344110.8955
2026-07-20 17:45,1356611.1269
2026-07-21 11:45,1357587.8869
2026-07-22 17:00,1343061.6965
2026-07-22 17:15,1328690.9363
2026-07-24 13:45,1341047.762
2026-07-27 14:45,1353519.5062
2026-07-30 05:30,1366107.2376
2026-07-31 07:00,1378812.0349
2026-07-31 07:30,1391634.9869
2026-08-01 08:00,1404577.1922
2026-08-02 03:00,1401030.6348
2026-08-03 15:00,1390452.8535
2026-08-03 15:30,1403384.0651
2026-08-03 15:45,1416435.5369
2026-08-05 21:00,1401279.6766
2026-08-07 07:00,1414311.5776