zoneId,startTime,endTime,startIndex,endIndex,duration,upper,lower,widthPct,merges,triggerChange,triggerSignal,outcome,insideRuns,insideBars,firstEntryIdx,firstEntryTime,entryLag,decisionIdx,decisionTime,decisionClose,pos,age,trendAt,volRatio,wickPoked,exitIdx,exitTime,exitClose,extShort,extLong,revertedShort,revertedLong,nextZoneSide,truncated
0,2026-01-11 23:00,2026-01-12 12:15,7,60,54,0.2669,0.2648,0.787,0,6.624,10.49,UP,1,1,7,2026-01-11 23:00,0,7,2026-01-11 23:00,0.2669,1,0,1,3.13,true,8,2026-01-11 23:15,0.267,0.57,0.57,true,true,BELOW,false
1,2026-01-12 12:30,2026-01-12 23:45,61,106,46,0.2647,0.2639,0.304,0,6.105,16.73,UP,1,1,82,2026-01-12 17:45,21,82,2026-01-12 17:45,0.2643,0.5,21,-1,0.46,true,83,2026-01-12 18:00,0.2655,0.3,1.89,true,true,BELOW,false
2,2026-01-13 00:00,2026-01-13 13:15,107,160,54,0.2623,0.2618,0.191,0,23.441,18.5,DOWN,1,2,107,2026-01-13 00:00,0,108,2026-01-13 00:15,0.2622,0.8,1,-1,0.57,true,109,2026-01-13 00:30,0.2616,0.65,0.65,true,true,ABOVE,false
3,2026-01-13 13:30,2026-01-13 21:45,161,194,34,0.274,0.2717,0.832,0,6.852,10.26,BYPASS,0,0,,,,,,,,,,,,,,,,,,,ABOVE,false
4,2026-01-13 22:00,2026-01-17 23:45,195,586,392,0.2826,0.2815,0.381,0,22.408,26.22,UP,1,1,307,2026-01-15 02:00,112,307,2026-01-15 02:00,0.2823,0.727,112,-1,1.28,true,308,2026-01-15 02:15,0.2828,3.02,3.02,true,true,ABOVE,false
5,2026-01-18 00:00,2026-01-18 06:45,587,614,28,0.2964,0.2948,0.534,0,15.273,23.12,DOWN,1,1,589,2026-01-18 00:30,2,589,2026-01-18 00:30,0.2961,0.812,2,1,1.68,true,590,2026-01-18 00:45,0.2931,2.65,2.71,false,false,BELOW,false
6,2026-01-18 07:00,2026-01-18 22:45,615,678,64,0.2891,0.2875,0.562,0,3.794,16.36,DOWN,1,6,618,2026-01-18 07:45,3,623,2026-01-18 09:00,0.2877,0.125,8,-1,0.61,true,624,2026-01-18 09:15,0.2871,0.17,1.22,true,true,ABOVE,false
7,2026-01-18 23:00,2026-01-20 22:15,679,868,190,0.2898,0.2893,0.175,0,21.729,43.27,BYPASS,0,0,,,,,,,,,,,,,,,,,,,BELOW,false
8,2026-01-20 22:30,2026-01-23 14:15,869,1124,256,0.2464,0.2448,0.653,0,4.203,14.08,DOWN,1,1,869,2026-01-20 22:30,0,869,2026-01-20 22:30,0.2451,0.188,0,-1,3.95,true,870,2026-01-20 22:45,0.2447,2.12,2.12,false,true,ABOVE,false
9,2026-01-23 14:30,2026-01-23 20:15,1125,1148,24,0.2546,0.2535,0.44,0,4.733,10.83,UP,1,1,1132,2026-01-23 16:15,7,1132,2026-01-23 16:15,0.2535,0,7,1,0.43,true,1133,2026-01-23 16:30,0.2563,0.36,3.04,true,true,BELOW,false
10,2026-01-23 20:30,2026-01-25 15:45,1149,1322,174,0.2508,0.249,0.729,0,9.999,17.65,DOWN,1,9,1155,2026-01-23 22:00,6,1163,2026-01-24 00:00,0.2492,0.111,14,1,0.83,true,1164,2026-01-24 00:15,0.2488,0.44,0.44,true,true,BELOW,false
11,2026-01-25 16:00,2026-01-26 20:45,1323,1438,116,0.243,0.2416,0.59,0,5.033,10,DOWN,1,1,1416,2026-01-26 15:15,93,1416,2026-01-26 15:15,0.2417,0.071,93,1,2.01,true,1417,2026-01-26 15:30,0.2389,2.15,2.32,false,true,BELOW,false
12,2026-01-26 21:00,2026-01-29 22:45,1439,1734,296,0.2368,0.236,0.337,0,4.773,10.32,UP,1,4,1463,2026-01-27 03:00,24,1466,2026-01-27 03:45,0.2363,0.375,27,1,0.4,true,1467,2026-01-27 04:00,0.237,1.27,2.03,true,true,BELOW,false
13,2026-01-29 23:00,2026-02-01 22:45,1735,2022,288,0.2118,0.2114,0.19,0,8.556,14.85,DOWN,1,1,1744,2026-01-30 01:15,9,1744,2026-01-30 01:15,0.2114,0,9,-1,1.13,true,1745,2026-01-30 01:30,0.2048,5.01,5.82,false,false,BELOW,false
14,2026-02-01 23:00,2026-02-05 20:00,2023,2395,373,0.1798,0.1787,0.621,0,18.122,38.46,DOWN,1,2,2024,2026-02-01 23:15,1,2025,2026-02-01 23:30,0.1798,1,2,-1,1.51,true,2026,2026-02-01 23:45,0.1776,1.45,3.13,true,true,BELOW,false
15,2026-02-05 20:15,2026-02-07 15:45,2396,2570,175,0.1524,0.1502,1.513,0,5.075,10.43,DOWN,1,1,2407,2026-02-05 23:00,11,2407,2026-02-05 23:00,0.1503,0.045,11,-1,0.54,true,2408,2026-02-05 23:15,0.1487,14.18,14.18,false,false,ABOVE,false
16,2026-02-07 16:00,2026-02-08 14:45,2571,2662,92,0.1629,0.162,0.543,0,49.079,49.45,UP,1,1,2575,2026-02-07 17:00,4,2575,2026-02-07 17:00,0.1629,1,4,-1,0.32,true,2576,2026-02-07 17:15,0.1634,0,0,true,true,OVERLAP,false
17,2026-02-08 15:00,2026-02-08 19:15,2663,2680,18,0.1629,0.1615,0.864,1,6.693,15.92,DOWN,1,1,2663,2026-02-08 15:00,0,2663,2026-02-08 15:00,0.1621,0.429,0,-1,1.9,false,2664,2026-02-08 15:15,0.16,3.59,3.59,false,false,BELOW,false
18,2026-02-08 19:30,2026-02-08 22:45,2681,2694,14,0.1593,0.1589,0.25,0,5.15,11.86,DOWN,1,1,2683,2026-02-08 20:00,2,2683,2026-02-08 20:00,0.1593,1,2,-1,1.05,true,2684,2026-02-08 20:15,0.1588,1.38,1.89,true,true,BELOW,false
19,2026-02-08 23:00,2026-02-09 02:15,2695,2708,14,0.158,0.1574,0.379,0,12.678,24.45,UP,1,2,2697,2026-02-08 23:30,2,2698,2026-02-08 23:45,0.158,1,3,-1,1.58,true,2699,2026-02-09 00:00,0.1585,0.19,0.19,true,true,OVERLAP,false
20,2026-02-09 02:30,2026-02-15 15:45,2709,3338,630,0.1583,0.1574,0.563,1,5.051,10.07,UP,1,2,2729,2026-02-09 07:30,20,2730,2026-02-09 07:45,0.1583,1,21,-1,0.22,true,2731,2026-02-09 08:00,0.1585,1.46,3.62,true,true,ABOVE,false
21,2026-02-15 16:00,2026-02-16 15:15,3339,3432,94,0.1671,0.1666,0.3,0,10.878,12.29,DOWN,1,1,3340,2026-02-15 16:15,1,3340,2026-02-15 16:15,0.1668,0.4,1,-1,0.45,true,3341,2026-02-15 16:30,0.1662,1.92,1.92,false,false,BELOW,false
22,2026-02-16 15:30,2026-02-17 14:15,3433,3524,92,0.1653,0.1646,0.432,0,8.193,20.95,DOWN,1,1,3441,2026-02-16 17:30,8,3441,2026-02-16 17:30,0.1646,0,8,-1,0.36,true,3442,2026-02-16 17:45,0.1642,0.49,0.49,true,true,ABOVE,false
23,2026-02-17 14:30,2026-02-19 19:30,3525,3737,213,0.169,0.1687,0.181,0,14.287,20.73,DOWN,1,1,3531,2026-02-17 16:00,6,3531,2026-02-17 16:00,0.1687,0,6,-1,4.23,true,3532,2026-02-17 16:15,0.1675,1.96,1.96,true,true,BELOW,false
24,2026-02-19 19:45,2026-02-21 07:45,3738,3882,145,0.1572,0.1564,0.507,0,2.783,10.15,DOWN,1,9,3739,2026-02-19 20:00,1,3747,2026-02-19 22:00,0.1567,0.375,9,-1,0.88,true,3748,2026-02-19 22:15,0.1561,0.9,0.9,true,true,ABOVE,false
25,2026-02-21 08:00,2026-02-22 07:15,3883,3976,94,0.1678,0.1673,0.298,0,4.455,13.29,UP,1,1,3883,2026-02-21 08:00,0,3883,2026-02-21 08:00,0.1677,0.8,0,1,1.17,true,3884,2026-02-21 08:15,0.1679,0,0,true,true,BELOW,false
26,2026-02-22 07:30,2026-02-22 18:45,3977,4022,46,0.1633,0.1629,0.245,0,8.883,12.45,UP,1,1,3985,2026-02-22 09:30,8,3985,2026-02-22 09:30,0.1629,0,8,-1,0.75,true,3986,2026-02-22 09:45,0.1644,0.06,2.52,true,true,BELOW,false
27,2026-02-22 19:00,2026-02-24 07:45,4023,4170,148,0.1595,0.1592,0.189,0,4.919,11.48,UP,1,1,4036,2026-02-22 22:15,13,4036,2026-02-22 22:15,0.1592,0,13,-1,0.92,true,4037,2026-02-22 22:30,0.1599,0.57,6.09,true,true,BELOW,false
28,2026-02-24 08:00,2026-02-25 21:15,4171,4320,150,0.1522,0.1514,0.526,0,17.486,13.5,UP,1,1,4171,2026-02-24 08:00,0,4171,2026-02-24 08:00,0.1521,0.875,0,-1,3.12,true,4172,2026-02-24 08:15,0.1535,0,0.2,true,true,ABOVE,false
29,2026-02-25 21:30,2026-02-26 21:45,4321,4418,98,0.1797,0.1787,0.552,0,6.123,12.63,DOWN,1,1,4324,2026-02-25 22:15,3,4324,2026-02-25 22:15,0.1795,0.8,3,1,0.67,true,4325,2026-02-25 22:30,0.1777,3.75,3.75,false,false,BELOW,false
30,2026-02-26 22:00,2026-02-28 05:15,4419,4544,126,0.1669,0.1665,0.239,0,5.065,17.79,UP,1,1,4420,2026-02-26 22:15,1,4420,2026-02-26 22:15,0.1667,0.5,1,-1,0.15,true,4421,2026-02-26 22:30,0.1671,0.48,0.54,true,true,BELOW,false
31,2026-02-28 05:30,2026-02-28 13:30,4545,4577,33,0.1629,0.1621,0.496,0,12.742,21.01,BYPASS,0,0,,,,,,,,,,,,,,,,,,,BELOW,false
32,2026-02-28 13:45,2026-03-01 16:30,4578,4685,108,0.1536,0.1529,0.441,0,7.624,10.61,UP,1,1,4593,2026-02-28 17:30,15,4593,2026-02-28 17:30,0.1536,1,15,-1,1.25,true,4594,2026-02-28 17:45,0.1555,0,0,true,true,ABOVE,false
33,2026-03-01 16:45,2026-03-01 23:45,4686,4714,29,0.1637,0.1631,0.372,0,13.626,13.51,BYPASS,0,0,,,,,,,,,,,,,,,,,,,BELOW,false
34,2026-03-02 00:00,2026-03-03 23:45,4715,4906,192,0.161,0.1603,0.427,0,771.778,417.89,UP,1,5,4827,2026-03-03 04:00,112,4831,2026-03-03 05:00,0.161,1,116,-1,1.37,true,4832,2026-03-03 05:15,0.1611,0.62,3.43,true,true,BELOW,false
35,2026-03-04 00:00,2026-03-04 22:45,4907,4998,92,0.159,0.1581,0.567,0,11.838,12.3,DOWN,1,2,4907,2026-03-04 00:00,0,4908,2026-03-04 00:15,0.1587,0.667,1,-1,0.46,true,4909,2026-03-04 00:30,0.1575,0.38,0.44,true,true,ABOVE,false
36,2026-03-04 23:00,2026-03-05 15:45,4999,5066,68,0.1601,0.1592,0.566,0,6.082,12.19,DOWN,1,1,5002,2026-03-04 23:45,3,5002,2026-03-04 23:45,0.1593,0.111,3,1,0.49,true,5003,2026-03-05 00:00,0.1585,0.75,1.7,true,true,BELOW,false
37,2026-03-05 16:00,2026-03-06 23:45,5067,5194,128,0.1567,0.1558,0.581,0,9.809,20.06,UP,1,1,5068,2026-03-05 16:15,1,5068,2026-03-05 16:15,0.1558,0,1,-1,1.43,true,5069,2026-03-05 16:30,0.1571,0.77,0.77,true,true,OVERLAP,false
38,2026-03-07 00:00,2026-03-09 05:15,5195,5408,214,0.1567,0.1556,0.703,1,46.042,61.7,UP,1,2,5195,2026-03-07 00:00,0,5196,2026-03-07 00:15,0.1562,0.545,1,-1,1.14,true,5197,2026-03-07 00:30,0.1572,0.77,0.84,true,true,BELOW,false
39,2026-03-09 05:30,2026-03-09 19:00,5409,5463,55,0.1525,0.1515,0.647,0,12.438,19.02,UP,1,1,5415,2026-03-09 07:00,6,5415,2026-03-09 07:00,0.1523,0.8,6,-1,0.66,true,5416,2026-03-09 07:15,0.1529,0,0.4,true,true,OVERLAP,false
40,2026-03-09 19:15,2026-03-10 04:45,5464,5502,39,0.1526,0.1515,0.709,1,5.864,11.82,DOWN,1,8,5467,2026-03-09 20:00,3,5474,2026-03-09 21:45,0.1516,0.091,10,1,0.23,true,5475,2026-03-09 22:00,0.1509,0.79,0.79,true,true,ABOVE,false
41,2026-03-10 05:00,2026-03-10 20:15,5503,5564,62,0.1555,0.1548,0.45,0,4.83,10.7,UP,1,1,5503,2026-03-10 05:00,0,5503,2026-03-10 05:00,0.1555,1,0,1,2.72,true,5504,2026-03-10 05:15,0.156,0.13,0.13,true,true,ABOVE,false
42,2026-03-10 20:30,2026-03-11 19:45,5565,5658,94,0.1585,0.1577,0.502,0,5.125,10.62,UP,1,1,5571,2026-03-10 22:00,6,5571,2026-03-10 22:00,0.1583,0.75,6,1,0.81,true,5572,2026-03-10 22:15,0.1591,0,0.89,true,true,ABOVE,false
43,2026-03-11 20:00,2026-03-12 08:45,5659,5710,52,0.1637,0.1631,0.366,0,8.184,15.75,UP,1,2,5660,2026-03-11 20:15,1,5661,2026-03-11 20:30,0.1634,0.5,2,1,0.49,true,5662,2026-03-11 20:45,0.1647,0,0,true,true,OVERLAP,false
44,2026-03-12 09:00,2026-03-13 18:30,5711,5845,135,0.1643,0.1631,0.724,1,7.314,15.82,UP,1,2,5732,2026-03-12 14:15,21,5733,2026-03-12 14:30,0.1634,0.25,22,1,1.59,true,5734,2026-03-12 14:45,0.1646,0,0,true,true,ABOVE,false
45,2026-03-13 18:45,2026-03-14 10:00,5846,5907,62,0.1662,0.1657,0.302,0,7.098,27.24,DOWN,1,1,5848,2026-03-13 19:15,2,5848,2026-03-13 19:15,0.1657,0,2,-1,0.2,true,5849,2026-03-13 19:30,0.1655,1.03,1.99,true,true,BELOW,false
46,2026-03-14 10:15,2026-03-15 14:00,5908,6019,112,0.1598,0.1592,0.378,0,12.174,14.15,UP,1,2,5919,2026-03-14 13:00,11,5920,2026-03-14 13:15,0.1596,0.667,12,-1,0.3,true,5921,2026-03-14 13:30,0.1601,0.13,0.13,true,true,ABOVE,false
47,2026-03-15 14:15,2026-03-16 20:00,6020,6139,120,0.1688,0.1666,1.337,0,5.592,11.55,DOWN,1,2,6022,2026-03-15 14:45,2,6023,2026-03-15 15:00,0.167,0.182,3,1,1.33,true,6024,2026-03-15 15:15,0.1665,0.3,0.3,true,true,ABOVE,false
48,2026-03-16 20:15,2026-03-17 05:15,6140,6176,37,0.1746,0.1737,0.508,0,16.321,11.97,BYPASS,0,0,,,,,,,,,,,,,,,,,,,ABOVE,false
49,2026-03-17 05:30,2026-03-18 22:15,6177,6340,164,0.1828,0.1821,0.383,0,11.509,16.3,UP,1,1,6179,2026-03-17 06:00,2,6179,2026-03-17 06:00,0.1828,1,2,1,1.54,true,6180,2026-03-17 06:15,0.1829,0,1.98,true,true,BELOW,false
50,2026-03-18 22:30,2026-03-19 02:30,6341,6357,17,0.1721,0.1716,0.292,0,18.293,13.84,BYPASS,0,0,,,,,,,,,,,,,,,,,,,BELOW,false
51,2026-03-19 02:45,2026-03-19 11:45,6358,6394,37,0.1681,0.1676,0.298,0,7.654,12.27,UP,1,1,6358,2026-03-19 02:45,0,6358,2026-03-19 02:45,0.1679,0.6,0,-1,2.06,true,6359,2026-03-19 03:00,0.1685,1.13,3.28,true,true,BELOW,false
52,2026-03-19 12:00,2026-03-21 12:00,6395,6587,193,0.1636,0.1633,0.182,0,71.182,81.56,UP,1,1,6448,2026-03-20 01:15,53,6448,2026-03-20 01:15,0.1635,0.667,53,-1,3.89,true,6449,2026-03-20 01:30,0.165,0.24,0.24,true,true,BELOW,false
53,2026-03-21 12:15,2026-03-21 23:30,6588,6633,46,0.1619,0.1614,0.308,0,3.962,11.21,UP,1,2,6593,2026-03-21 13:30,5,6594,2026-03-21 13:45,0.1618,0.8,6,-1,0.59,true,6595,2026-03-21 14:00,0.1629,0,0,true,true,BELOW,false
54,2026-03-21 23:45,2026-03-22 10:15,6634,6676,43,0.1601,0.1598,0.193,0,77.462,60.2,UP,1,2,6635,2026-03-22 00:00,1,6636,2026-03-22 00:15,0.16,0.667,2,-1,1.42,true,6637,2026-03-22 00:30,0.1607,0.63,0.63,true,true,ABOVE,false
55,2026-03-22 10:30,2026-03-23 10:45,6677,6774,98,0.1655,0.1645,0.621,0,7.042,11.16,BYPASS,0,0,,,,,,,,,,,,,,,,,,,BELOW,false
56,2026-03-23 11:00,2026-03-25 21:00,6775,7007,233,0.1519,0.1513,0.382,0,33.723,57.16,DOWN,1,2,6895,2026-03-24 17:00,120,6896,2026-03-24 17:15,0.1515,0.333,121,-1,0.43,true,6897,2026-03-24 17:30,0.1508,0.4,0.4,true,true,OVERLAP,false
57,2026-03-25 21:15,2026-03-26 02:45,7008,7030,23,0.1519,0.1511,0.528,1,15.87,17.57,UP,1,10,7008,2026-03-25 21:15,0,7017,2026-03-25 23:30,0.1515,0.5,9,1,0.35,true,7018,2026-03-25 23:45,0.152,0.66,2.91,true,true,BELOW,false
58,2026-03-26 03:00,2026-03-26 19:45,7031,7098,68,0.1501,0.1497,0.268,0,5.41,11.46,BYPASS,0,0,,,,,,,,,,,,,,,,,,,BELOW,false
59,2026-03-26 20:00,2026-03-28 13:15,7099,7264,166,0.1452,0.1447,0.342,0,9.791,20.93,DOWN,1,1,7101,2026-03-26 20:30,2,7101,2026-03-26 20:30,0.1452,1,2,-1,2.61,true,7102,2026-03-26 20:45,0.1446,0.21,0.21,true,true,OVERLAP,false
60,2026-03-28 13:30,2026-03-30 19:15,7265,7480,216,0.1456,0.1447,0.612,1,8.956,12.38,UP,1,4,7307,2026-03-29 00:00,42,7310,2026-03-29 00:45,0.1451,0.444,45,1,0.98,true,7311,2026-03-29 01:00,0.1457,0,0.9,true,true,BELOW,false
61,2026-03-30 19:30,2026-04-02 16:00,7481,7755,275,0.1441,0.1433,0.559,0,8.172,25.05,DOWN,1,3,7482,2026-03-30 19:45,1,7484,2026-03-30 20:15,0.1433,0,3,-1,0.51,true,7485,2026-03-30 20:30,0.1431,0.49,1.61,true,true,BELOW,false
62,2026-04-02 16:15,2026-04-03 22:30,7756,7877,122,0.1348,0.1345,0.219,0,16.979,37.02,DOWN,1,1,7761,2026-04-02 17:30,5,7761,2026-04-02 17:30,0.1346,0.333,5,-1,0.67,true,7762,2026-04-02 17:45,0.1343,1.34,1.49,true,true,BELOW,false
63,2026-04-03 22:45,2026-04-04 07:45,7878,7914,37,0.1332,0.1329,0.226,0,8.233,10.44,UP,1,2,7880,2026-04-03 23:15,2,7881,2026-04-03 23:30,0.1331,0.667,3,-1,1.19,true,7882,2026-04-03 23:45,0.1336,0,0,true,true,ABOVE,false
64,2026-04-04 08:00,2026-04-05 03:45,7915,7994,80,0.1362,0.136,0.147,0,9.254,11.66,DOWN,1,1,7933,2026-04-04 12:30,18,7933,2026-04-04 12:30,0.1361,0.5,18,1,0.81,true,7934,2026-04-04 12:45,0.1359,1.47,2.21,true,true,BELOW,false
65,2026-04-05 04:00,2026-04-05 09:45,7995,8018,24,0.1328,0.1326,0.151,0,33.216,47.8,DOWN,1,1,7996,2026-04-05 04:15,1,7996,2026-04-05 04:15,0.1327,0.5,1,-1,1.4,true,7997,2026-04-05 04:30,0.1325,1.73,1.73,false,true,BELOW,false
66,2026-04-05 10:00,2026-04-08 09:15,8019,8304,286,0.1323,0.1321,0.151,0,13.421,10.96,DOWN,1,1,8019,2026-04-05 10:00,0,8019,2026-04-05 10:00,0.1321,0,0,-1,1.59,true,8020,2026-04-05 10:15,0.132,0.23,1.59,true,true,ABOVE,false
67,2026-04-08 09:30,2026-04-10 17:45,8305,8530,226,0.1445,0.1441,0.278,0,25.753,27.97,DOWN,1,1,8306,2026-04-08 09:45,1,8306,2026-04-08 09:45,0.1441,0,1,1,0.65,true,8307,2026-04-08 10:00,0.1437,1.67,2.71,false,false,ABOVE,false
68,2026-04-10 18:00,2026-04-11 04:45,8531,8574,44,0.146,0.1457,0.205,0,15.259,40.63,BYPASS,0,0,,,,,,,,,,,,,,,,,,,ABOVE,false
69,2026-04-11 05:00,2026-04-11 12:45,8575,8606,32,0.1469,0.1465,0.275,0,9.353,11.54,BYPASS,0,0,,,,,,,,,,,,,,,,,,,BELOW,false
70,2026-04-11 13:00,2026-04-12 01:15,8607,8656,50,0.1445,0.1443,0.139,0,16.474,19.49,UP,1,1,8609,2026-04-11 13:30,2,8609,2026-04-11 13:30,0.1443,0,2,-1,0.28,true,8610,2026-04-11 13:45,0.1449,0.35,0.35,true,true,ABOVE,false
71,2026-04-12 01:30,2026-04-12 07:45,8657,8682,26,0.145,0.1447,0.212,0,16.968,12.42,BYPASS,0,0,,,,,,,,,,,,,,,,,,,BELOW,false
72,2026-04-12 08:00,2026-04-15 00:45,8683,8942,260,0.1411,0.1408,0.215,0,13.458,10.11,DOWN,1,1,8703,2026-04-12 13:00,20,8703,2026-04-12 13:00,0.1408,0,20,-1,1.89,true,8704,2026-04-12 13:15,0.1405,1.56,1.7,false,true,ABOVE,false
73,2026-04-15 01:00,2026-04-19 21:45,8943,9410,468,0.1451,0.1446,0.341,0,7.956,10.49,BYPASS,0,0,,,,,,,,,,,,,,,,,,,ABOVE,false
74,2026-04-19 22:00,2026-04-22 05:45,9411,9634,224,0.1583,0.1571,0.775,0,11.072,18.9,DOWN,1,7,9433,2026-04-20 03:30,22,9439,2026-04-20 05:00,0.1572,0.083,28,-1,1.81,true,9440,2026-04-20 05:15,0.1564,0.83,0.83,true,true,ABOVE,false
75,2026-04-22 06:00,2026-04-22 11:45,9635,9658,24,0.1788,0.1779,0.501,0,12.325,14.17,UP,1,1,9648,2026-04-22 09:15,13,9648,2026-04-22 09:15,0.1788,1,13,1,0.31,true,9649,2026-04-22 09:30,0.1791,0.11,1.52,true,true,OVERLAP,false
76,2026-04-22 12:00,2026-04-23 22:15,9659,9796,138,0.1788,0.1776,0.678,1,15.727,27,UP,1,1,9671,2026-04-22 15:00,12,9671,2026-04-22 15:00,0.1783,0.583,12,1,1.7,true,9672,2026-04-22 15:15,0.1794,0,0.06,true,true,BELOW,false
77,2026-04-23 22:30,2026-04-25 19:45,9797,9978,182,0.1772,0.1766,0.34,0,7.363,11.69,UP,1,4,9798,2026-04-23 22:45,1,9801,2026-04-23 23:30,0.1771,0.833,4,-1,0.4,true,9802,2026-04-23 23:45,0.1774,0.28,1.08,true,true,ABOVE,false
78,2026-04-25 20:00,2026-04-26 04:15,9979,10012,34,0.1802,0.1794,0.444,0,3.171,11.73,DOWN,1,6,9980,2026-04-25 20:15,1,9985,2026-04-25 21:30,0.1794,0,6,1,0.26,true,9986,2026-04-25 21:45,0.1793,0.28,2.84,true,true,BELOW,false
79,2026-04-26 04:30,2026-04-27 18:45,10013,10166,154,0.1762,0.1746,0.918,0,8.139,14.87,UP,1,1,10015,2026-04-26 05:00,2,10015,2026-04-26 05:00,0.1759,0.813,2,-1,0.42,true,10016,2026-04-26 05:15,0.1769,0,0.17,true,true,BELOW,false
80,2026-04-27 19:00,2026-04-28 02:00,10167,10195,29,0.1667,0.1663,0.24,0,10.319,23.22,DOWN,1,1,10167,2026-04-27 19:00,0,10167,2026-04-27 19:00,0.1666,0.75,0,-1,1.23,true,10168,2026-04-27 19:15,0.1656,0.48,0.48,true,true,ABOVE,false
81,2026-04-28 02:15,2026-04-28 11:30,10196,10233,38,0.17,0.1693,0.411,0,12.468,20.52,DOWN,1,3,10213,2026-04-28 06:30,17,10215,2026-04-28 07:00,0.1694,0.143,19,1,0.28,true,10216,2026-04-28 07:15,0.1692,0.41,3.07,true,true,BELOW,false
82,2026-04-28 11:45,2026-04-29 17:45,10234,10354,121,0.168,0.1673,0.421,0,21.398,17.55,DOWN,1,1,10238,2026-04-28 12:45,4,10238,2026-04-28 12:45,0.1673,0,4,-1,0.28,true,10239,2026-04-28 13:00,0.1664,1.14,1.14,true,true,BELOW,false
83,2026-04-29 18:00,2026-04-30 06:30,10355,10405,51,0.1649,0.1641,0.497,0,18.537,32.6,DOWN,1,1,10369,2026-04-29 21:30,14,10369,2026-04-29 21:30,0.1643,0.25,14,-1,0.31,true,10370,2026-04-29 21:45,0.1638,0.49,0.49,true,true,BELOW,false
84,2026-04-30 06:45,2026-04-30 21:30,10406,10465,60,0.1635,0.1629,0.367,0,18.358,27.02,UP,1,1,10436,2026-04-30 14:15,30,10436,2026-04-30 14:15,0.1635,1,30,-1,4.96,true,10437,2026-04-30 14:30,0.1636,0,0,true,true,OVERLAP,false
85,2026-04-30 21:45,2026-05-01 18:30,10466,10549,84,0.1638,0.1629,0.551,1,5.556,10.53,UP,1,11,10466,2026-04-30 21:45,0,10476,2026-05-01 00:15,0.1636,0.778,10,-1,1.13,true,10477,2026-05-01 00:30,0.164,0,0,true,true,ABOVE,false
86,2026-05-01 18:45,2026-05-03 03:45,10550,10682,133,0.1692,0.1689,0.177,0,10.114,33,DOWN,1,1,10553,2026-05-01 19:30,3,10553,2026-05-01 19:30,0.1689,0,3,1,0.57,true,10554,2026-05-01 19:45,0.1685,1.48,1.48,false,false,BELOW,false
87,2026-05-03 04:00,2026-05-04 09:45,10683,10802,120,0.1654,0.1651,0.182,0,9.636,12.62,UP,1,1,10693,2026-05-03 06:30,10,10693,2026-05-03 06:30,0.1653,0.667,10,-1,0.63,true,10694,2026-05-03 06:45,0.1655,0,0,true,true,ABOVE,false
88,2026-05-04 10:00,2026-05-08 23:45,10803,11242,440,0.1723,0.1714,0.534,0,5.755,11.95,DOWN,1,2,10882,2026-05-05 05:45,79,10883,2026-05-05 06:00,0.1718,0.444,80,1,1.26,true,10884,2026-05-05 06:15,0.1712,0.12,0.58,true,true,ABOVE,false
89,2026-05-09 00:00,2026-05-10 20:00,11243,11419,177,0.1874,0.1868,0.32,0,4.412,10.26,UP,1,1,11243,2026-05-09 00:00,0,11243,2026-05-09 00:00,0.1874,1,0,1,1.65,true,11244,2026-05-09 00:15,0.1885,0,0,true,true,ABOVE,false
90,2026-05-10 20:15,2026-05-11 20:15,11420,11516,97,0.1968,0.1956,0.619,0,7.002,19.15,BYPASS,0,0,,,,,,,,,,,,,,,,,,,BELOW,false
91,2026-05-11 20:30,2026-05-17 15:45,11517,12074,558,0.1904,0.1898,0.314,0,7.708,12.54,UP,1,2,11527,2026-05-11 23:00,10,11528,2026-05-11 23:15,0.1898,0,11,-1,0.78,true,11529,2026-05-11 23:30,0.1908,1.63,1.63,true,true,BELOW,false
92,2026-05-17 16:00,2026-05-18 09:45,12075,12146,72,0.1771,0.1768,0.169,0,8.296,13.07,DOWN,1,1,12078,2026-05-17 16:45,3,12078,2026-05-17 16:45,0.1771,1,3,-1,1.31,true,12079,2026-05-17 17:00,0.1762,0.62,1.53,true,true,BELOW,false
93,2026-05-18 10:00,2026-05-19 11:45,12147,12250,104,0.1693,0.1684,0.535,0,6.281,14.17,UP,1,1,12154,2026-05-18 11:45,7,12154,2026-05-18 11:45,0.1691,0.778,7,-1,1.52,true,12155,2026-05-18 12:00,0.1701,0,1.66,true,true,BELOW,false
94,2026-05-19 12:00,2026-05-19 14:30,12251,12261,11,0.1668,0.1664,0.237,0,13.22,11.91,DOWN,1,2,12259,2026-05-19 14:00,8,12260,2026-05-19 14:15,0.1664,0,9,-1,1.11,true,12261,2026-05-19 14:30,0.166,1.92,2.34,false,false,OVERLAP,false
95,2026-05-19 14:45,2026-05-19 19:30,12262,12281,20,0.1668,0.1659,0.544,1,14.529,19.02,BYPASS,0,0,,,,,,,,,,,,,,,,,,,BELOW,false
96,2026-05-19 19:45,2026-05-22 03:15,12282,12504,223,0.1637,0.1626,0.673,0,3.327,14.58,UP,1,1,12282,2026-05-19 19:45,0,12282,2026-05-19 19:45,0.1635,0.818,0,-1,1.62,true,12283,2026-05-19 20:00,0.1639,0,0.06,true,true,ABOVE,false
97,2026-05-22 03:30,2026-05-22 10:45,12505,12534,30,0.1758,0.1752,0.343,0,5.882,11.84,DOWN,1,5,12507,2026-05-22 04:00,2,12511,2026-05-22 05:00,0.1757,0.833,6,1,2.52,true,12512,2026-05-22 05:15,0.1748,0.86,0.86,true,true,ABOVE,false
98,2026-05-22 11:00,2026-05-23 07:30,12535,12617,83,0.1766,0.1759,0.394,0,11.077,15.24,DOWN,1,1,12547,2026-05-22 14:00,12,12547,2026-05-22 14:00,0.1763,0.571,12,1,2.32,true,12548,2026-05-22 14:15,0.1751,1.88,5.69,false,false,BELOW,false
99,2026-05-23 07:45,2026-05-24 07:45,12618,12714,97,0.1673,0.1663,0.615,0,28.153,18.96,DOWN,1,1,12647,2026-05-23 15:00,29,12647,2026-05-23 15:00,0.1665,0.2,29,-1,2.26,true,12648,2026-05-23 15:15,0.1656,0.48,0.48,true,true,ABOVE,false
100,2026-05-24 08:00,2026-05-24 16:45,12715,12750,36,0.168,0.1675,0.299,0,5.967,13.58,BYPASS,0,0,,,,,,,,,,,,,,,,,,,BELOW,false
101,2026-05-24 17:00,2026-05-24 23:45,12751,12778,28,0.1648,0.1643,0.305,0,5.374,13.27,DOWN,1,1,12753,2026-05-24 17:30,2,12753,2026-05-24 17:30,0.1644,0.2,2,-1,0.19,true,12754,2026-05-24 17:45,0.1642,0.61,3.41,true,true,OVERLAP,false
102,2026-05-25 00:00,2026-05-26 03:45,12779,12890,112,0.1648,0.1634,0.843,1,36.264,33.51,UP,1,1,12877,2026-05-26 00:30,98,12877,2026-05-26 00:30,0.1644,0.714,98,-1,4.54,true,12878,2026-05-26 00:45,0.1649,0,0.06,true,true,OVERLAP,false
103,2026-05-26 04:00,2026-05-28 03:00,12891,13079,189,0.1649,0.1634,0.912,2,10.218,24.8,UP,1,1,12891,2026-05-26 04:00,0,12891,2026-05-26 04:00,0.1644,0.667,0,-1,2.19,true,12892,2026-05-26 04:15,0.1658,0,0,true,true,OVERLAP,false
104,2026-05-28 03:15,2026-05-28 11:15,13080,13112,33,0.1655,0.1634,1.311,3,13.119,15.95,BYPASS,0,0,,,,,,,,,,,,,,,,,,,BELOW,false
105,2026-05-28 11:30,2026-05-29 03:45,13113,13178,66,0.1572,0.156,0.772,0,24.403,24.98,DOWN,1,7,13117,2026-05-28 12:30,4,13123,2026-05-28 14:00,0.1562,0.167,10,-1,6.22,true,13124,2026-05-28 14:15,0.1558,1.15,1.15,true,true,ABOVE,false
106,2026-05-29 04:00,2026-06-02 19:00,13179,13623,445,0.1588,0.1582,0.381,0,11.399,21.08,UP,1,1,13193,2026-05-29 07:30,14,13193,2026-05-29 07:30,0.1585,0.5,14,1,1.07,true,13194,2026-05-29 07:45,0.1595,0,1.71,true,true,BELOW,false
107,2026-06-02 19:15,2026-06-03 15:45,13624,13706,83,0.1524,0.1517,0.462,0,9.803,20.19,UP,1,1,13626,2026-06-02 19:45,2,13626,2026-06-02 19:45,0.1523,0.857,2,-1,0.4,true,13627,2026-06-02 20:00,0.153,0.13,3.3,true,true,ABOVE,false
108,2026-06-03 16:00,2026-06-04 23:45,13707,13834,128,0.157,0.1561,0.581,0,4.668,11.01,DOWN,1,1,13718,2026-06-03 18:45,11,13718,2026-06-03 18:45,0.1562,0.111,11,1,3.36,true,13719,2026-06-03 19:00,0.1556,3.97,4.68,false,false,BELOW,false
109,2026-06-05 00:00,2026-06-05 21:45,13835,13922,88,0.1417,0.1406,0.782,0,7.49,11.71,UP,1,1,13835,2026-06-05 00:00,0,13835,2026-06-05 00:00,0.1407,0.091,0,-1,5.09,false,13836,2026-06-05 00:15,0.1425,1.21,8.53,true,true,BELOW,false
110,2026-06-05 22:00,2026-06-07 21:45,13923,14114,192,0.1326,0.132,0.459,0,5.33,14.06,UP,1,1,14096,2026-06-07 17:15,173,14096,2026-06-07 17:15,0.1323,0.5,173,1,0.69,true,14097,2026-06-07 17:30,0.1327,1.29,1.74,true,true,BELOW,false
111,2026-06-07 22:00,2026-06-08 16:45,14115,14190,76,0.1315,0.1305,0.731,0,11.629,17.43,BYPASS,0,0,,,,,,,,,,,,,,,,,,,ABOVE,false
112,2026-06-08 17:00,2026-06-11 03:15,14191,14424,234,0.1416,0.1409,0.501,0,8.393,15.78,DOWN,1,1,14194,2026-06-08 17:45,3,14194,2026-06-08 17:45,0.1413,0.571,3,1,0.18,true,14195,2026-06-08 18:00,0.1407,0.99,1.99,true,true,BELOW,false
113,2026-06-11 03:30,2026-06-13 14:00,14425,14659,235,0.1372,0.1365,0.509,0,4.637,12.15,BYPASS,0,0,,,,,,,,,,,,,,,,,,,ABOVE,false
114,2026-06-13 14:15,2026-06-14 07:45,14660,14730,71,0.1438,0.1432,0.411,0,21.65,46.43,DOWN,1,2,14718,2026-06-14 04:45,58,14719,2026-06-14 05:00,0.1432,0,59,1,1,true,14720,2026-06-14 05:15,0.1429,0.35,0.35,true,true,ABOVE,false
115,2026-06-14 08:00,2026-06-16 17:30,14731,14961,231,0.1445,0.1441,0.277,0,4.615,10.06,UP,1,1,14731,2026-06-14 08:00,0,14731,2026-06-14 08:00,0.1442,0.25,0,1,1.26,true,14732,2026-06-14 08:15,0.1447,0.97,1.53,true,true,OVERLAP,false
116,2026-06-16 17:45,2026-06-18 12:15,14962,15132,171,0.1454,0.1441,0.887,1,7.459,14.72,UP,1,1,15022,2026-06-17 08:45,60,15022,2026-06-17 08:45,0.1454,1,60,-1,5.39,true,15023,2026-06-17 09:00,0.1458,0.21,0.21,true,true,BELOW,false
117,2026-06-18 12:30,2026-06-18 15:00,15133,15143,11,0.1427,0.1416,0.771,0,4.704,11.99,UP,1,3,15133,2026-06-18 12:30,0,15135,2026-06-18 13:00,0.1426,0.909,2,-1,0.27,true,15136,2026-06-18 13:15,0.1429,1.62,3.95,true,true,OVERLAP,false
118,2026-06-18 15:15,2026-06-19 05:45,15144,15202,59,0.1427,0.1411,1.147,1,9.818,10.32,UP,1,6,15180,2026-06-19 00:15,36,15185,2026-06-19 01:30,0.1425,0.875,41,-1,1.11,true,15186,2026-06-19 01:45,0.1437,0,1.63,true,true,BELOW,false
119,2026-06-19 06:00,2026-06-22 21:15,15203,15552,350,0.1402,0.1398,0.283,0,5.461,10.86,DOWN,1,2,15207,2026-06-19 07:00,4,15208,2026-06-19 07:15,0.14,0.5,5,1,0.25,true,15209,2026-06-19 07:30,0.1392,0.93,1.5,true,true,BELOW,false
120,2026-06-22 21:30,2026-06-23 04:45,15553,15582,30,0.1385,0.138,0.364,0,42.14,70.23,DOWN,1,1,15555,2026-06-22 22:00,2,15555,2026-06-22 22:00,0.1381,0.2,2,-1,0.84,true,15556,2026-06-22 22:15,0.1365,2.61,2.61,false,false,BELOW,false
121,2026-06-23 05:00,2026-06-23 11:45,15583,15610,28,0.1357,0.1351,0.443,0,6.026,12.83,DOWN,1,1,15583,2026-06-23 05:00,0,15583,2026-06-23 05:00,0.1353,0.333,0,-1,4.03,true,15584,2026-06-23 05:15,0.135,2.96,4.96,true,true,BELOW,false
122,2026-06-23 12:00,2026-06-23 21:45,15611,15650,40,0.1319,0.1312,0.52,0,63.09,79.2,BYPASS,0,0,,,,,,,,,,,,,,,,,,,ABOVE,false
123,2026-06-23 22:00,2026-06-25 19:45,15651,15834,184,0.1385,0.1383,0.144,0,18.962,20.98,UP,1,1,15653,2026-06-23 22:30,2,15653,2026-06-23 22:30,0.1385,1,2,1,0.94,true,15654,2026-06-23 22:45,0.1386,0.36,1.74,true,true,BELOW,false
124,2026-06-25 20:00,2026-06-26 11:30,15835,15897,63,0.1231,0.1227,0.323,0,5.371,11.62,UP,1,2,15863,2026-06-26 03:00,28,15864,2026-06-26 03:15,0.1229,0.5,29,-1,0.86,true,15865,2026-06-26 03:30,0.1239,0,0,true,true,ABOVE,false
125,2026-06-26 11:45,2026-06-28 17:30,15898,16113,216,0.1236,0.1232,0.328,0,9.142,23.31,UP,1,1,15934,2026-06-26 20:45,36,15934,2026-06-26 20:45,0.1235,0.75,36,-1,2.64,true,15935,2026-06-26 21:00,0.1237,0,0,true,true,BELOW,false
126,2026-06-28 17:45,2026-06-28 21:30,16114,16129,16,0.1227,0.1218,0.726,0,10.34,10.47,DOWN,1,4,16117,2026-06-28 18:30,3,16120,2026-06-28 19:15,0.1219,0.111,6,-1,0.11,true,16121,2026-06-28 19:30,0.1217,0.82,2.46,true,true,BELOW,false
127,2026-06-28 21:45,2026-06-29 11:45,16130,16186,57,0.1215,0.1211,0.333,0,31.454,29.85,DOWN,1,1,16131,2026-06-28 22:00,1,16131,2026-06-28 22:00,0.1211,0,1,-1,1.64,true,16132,2026-06-28 22:15,0.1206,1.82,1.82,true,true,BELOW,false
128,2026-06-29 12:00,2026-06-29 17:45,16187,16210,24,0.1208,0.1204,0.326,0,15.35,19.08,DOWN,1,1,16192,2026-06-29 13:15,5,16192,2026-06-29 13:15,0.1205,0.25,5,-1,9.27,true,16193,2026-06-29 13:30,0.1198,2.33,2.33,false,true,ABOVE,false
129,2026-06-29 18:00,2026-06-29 21:45,16211,16226,16,0.123,0.1223,0.583,0,41.031,43.32,BYPASS,0,0,,,,,,,,,,,,,,,,,,,BELOW,false
130,2026-06-29 22:00,2026-07-02 09:30,16227,16465,239,0.12,0.1199,0.083,0,34.882,35.39,DOWN,1,2,16228,2026-06-29 22:15,1,16229,2026-06-29 22:30,0.1199,0,2,-1,0.81,true,16230,2026-06-29 22:45,0.1196,1.17,1.42,true,true,ABOVE,false
131,2026-07-02 09:45,2026-07-02 15:45,16466,16490,25,0.1215,0.1201,1.14,0,13.55,11.52,UP,1,6,16468,2026-07-02 10:15,2,16473,2026-07-02 11:30,0.1214,0.929,7,1,0.38,true,16474,2026-07-02 11:45,0.1216,0,0.5,true,true,OVERLAP,false
132,2026-07-02 16:00,2026-07-03 07:15,16491,16552,62,0.1215,0.1199,1.325,1,13.718,16.42,UP,1,2,16491,2026-07-02 16:00,0,16492,2026-07-02 16:15,0.1211,0.75,1,1,3.05,true,16493,2026-07-02 16:30,0.1219,0,0,true,true,ABOVE,false
133,2026-07-03 07:30,2026-07-03 11:45,16553,16570,18,0.1228,0.1225,0.24,0,14.286,10.75,BYPASS,0,0,,,,,,,,,,,,,,,,,,,ABOVE,false
134,2026-07-03 12:00,2026-07-03 19:45,16571,16602,32,0.1265,0.1259,0.47,0,8.789,15.39,BYPASS,0,0,,,,,,,,,,,,,,,,,,,ABOVE,false
135,2026-07-03 20:00,2026-07-03 23:00,16603,16615,13,0.13,0.1297,0.231,0,6.898,13.5,UP,1,1,16603,2026-07-03 20:00,0,16603,2026-07-03 20:00,0.1299,0.667,0,1,1.11,true,16604,2026-07-03 20:15,0.1304,0.15,0.69,true,true,OVERLAP,false
136,2026-07-03 23:15,2026-07-04 20:30,16616,16701,86,0.1308,0.1297,0.841,1,20.096,34.33,UP,1,1,16616,2026-07-03 23:15,0,16616,2026-07-03 23:15,0.1308,1,0,1,20.45,true,16617,2026-07-03 23:30,0.1309,0.69,0.69,true,true,ABOVE,false
137,2026-07-04 20:45,2026-07-05 20:15,16702,16796,95,0.1396,0.1378,1.273,0,4.718,20.41,DOWN,1,7,16707,2026-07-04 22:00,5,16713,2026-07-04 23:30,0.1385,0.389,11,1,0.34,true,16714,2026-07-04 23:45,0.1372,1.74,2.98,false,false,BELOW,false
138,2026-07-05 20:30,2026-07-07 09:00,16797,16943,147,0.1339,0.1333,0.439,0,33.991,25.32,BYPASS,0,0,,,,,,,,,,,,,,,,,,,ABOVE,false
139,2026-07-07 09:15,2026-07-07 13:00,16944,16959,16,0.1393,0.1384,0.646,0,14.39,23.28,DOWN,1,2,16944,2026-07-07 09:15,0,16945,2026-07-07 09:30,0.1389,0.556,1,-1,1.31,true,16946,2026-07-07 09:45,0.138,0.36,0.58,true,true,OVERLAP,false
140,2026-07-07 13:15,2026-07-07 18:30,16960,16981,22,0.1395,0.1384,0.789,1,42.633,62.24,UP,1,1,16960,2026-07-07 13:15,0,16960,2026-07-07 13:15,0.1395,1,0,-1,14.4,true,16961,2026-07-07 13:30,0.14,0.58,2.02,true,true,OVERLAP,false
141,2026-07-07 18:45,2026-07-08 22:15,16982,17092,111,0.1395,0.1383,0.881,2,20.674,16.37,DOWN,1,5,17004,2026-07-08 00:15,22,17008,2026-07-08 01:15,0.139,0.583,26,-1,1.33,true,17009,2026-07-08 01:30,0.1373,1.74,2.96,false,false,ABOVE,false
142,2026-07-08 22:30,2026-07-10 01:30,17093,17201,109,0.1419,0.1408,0.776,0,12.399,28.76,UP,1,11,17093,2026-07-08 22:30,0,17103,2026-07-09 01:00,0.1418,0.909,10,1,0.79,true,17104,2026-07-09 01:15,0.1421,1.14,1.42,true,true,BELOW,false
143,2026-07-10 01:45,2026-07-10 13:15,17202,17248,47,0.1394,0.139,0.285,0,6.183,10.38,UP,1,3,17220,2026-07-10 06:15,18,17222,2026-07-10 06:45,0.139,0,20,1,0.46,true,17223,2026-07-10 07:00,0.1407,0,1.01,true,true,BELOW,false
144,2026-07-10 13:30,2026-07-11 05:45,17249,17314,66,0.1381,0.1378,0.216,0,7.903,12.47,DOWN,1,1,17251,2026-07-10 14:00,2,17251,2026-07-10 14:00,0.138,0.667,2,1,2.92,true,17252,2026-07-10 14:15,0.1376,2.1,2.1,true,true,BELOW,false
145,2026-07-11 06:00,2026-07-12 05:45,17315,17410,96,0.1352,0.135,0.148,0,10.167,26.63,DOWN,1,1,17315,2026-07-11 06:00,0,17315,2026-07-11 06:00,0.135,0,0,-1,1.38,true,17316,2026-07-11 06:15,0.1345,0.81,0.81,true,true,BELOW,false
146,2026-07-12 06:00,2026-07-12 15:45,17411,17450,40,0.1336,0.1333,0.226,0,8.133,16.61,DOWN,1,5,17418,2026-07-12 07:45,7,17422,2026-07-12 08:45,0.1334,0.333,11,-1,0.35,true,17423,2026-07-12 09:00,0.1332,0.68,1.05,true,true,OVERLAP,false
147,2026-07-12 16:00,2026-07-13 10:45,17451,17526,76,0.1336,0.1331,0.372,1,56.382,55.83,UP,1,1,17452,2026-07-12 16:15,1,17452,2026-07-12 16:15,0.1336,1,1,-1,1.36,true,17453,2026-07-12 16:30,0.134,0,0.75,true,true,OVERLAP,false
148,2026-07-13 11:00,2026-07-14 05:00,17527,17599,73,0.1336,0.1328,0.601,2,5.424,13.9,DOWN,1,3,17527,2026-07-13 11:00,0,17529,2026-07-13 11:30,0.1331,0.375,2,-1,0.47,false,17530,2026-07-13 11:45,0.1327,1.73,3.31,true,true,BELOW,false
149,2026-07-14 05:15,2026-07-14 15:45,17600,17642,43,0.1284,0.1275,0.697,0,6.585,10.91,UP,1,1,17611,2026-07-14 08:00,11,17611,2026-07-14 08:00,0.1282,0.778,11,-1,1.54,true,17612,2026-07-14 08:15,0.1287,0,0,true,true,ABOVE,false
150,2026-07-14 16:00,2026-07-14 23:45,17643,17674,32,0.1319,0.1309,0.757,0,18.015,25.06,UP,1,1,17651,2026-07-14 18:00,8,17651,2026-07-14 18:00,0.1318,0.9,8,1,0.8,true,17652,2026-07-14 18:15,0.132,0,0,true,true,ABOVE,false
151,2026-07-15 00:00,2026-07-16 07:45,17675,17802,128,0.1327,0.1325,0.152,0,32.318,16.6,BYPASS,0,0,,,,,,,,,,,,,,,,,,,BELOW,false
152,2026-07-16 08:00,2026-07-16 18:45,17803,17846,44,0.1295,0.1292,0.236,0,21.955,11.72,UP,1,2,17824,2026-07-16 13:15,21,17825,2026-07-16 13:30,0.1294,0.667,22,-1,2.7,true,17826,2026-07-16 13:45,0.1298,0,0,true,true,ABOVE,false
153,2026-07-16 19:00,2026-07-17 12:45,17847,17918,72,0.1316,0.1314,0.152,0,14.792,36.06,UP,1,1,17848,2026-07-16 19:15,1,17848,2026-07-16 19:15,0.1315,0.5,1,1,0.34,true,17849,2026-07-16 19:30,0.1318,0,1.75,true,true,BELOW,false
154,2026-07-17 13:00,2026-07-17 19:15,17919,17944,26,0.1284,0.1282,0.158,0,42.941,38.13,UP,1,1,17929,2026-07-17 15:30,10,17929,2026-07-17 15:30,0.1283,0.5,10,-1,1.14,true,17930,2026-07-17 15:45,0.1287,0.08,0.86,true,true,OVERLAP,false
155,2026-07-17 19:30,2026-07-18 16:30,17945,18029,85,0.1287,0.1282,0.391,1,13.393,14.12,DOWN,1,1,17963,2026-07-18 00:00,18,17963,2026-07-18 00:00,0.1286,0.8,18,-1,17.86,true,17964,2026-07-18 00:15,0.1281,0.47,1.25,true,true,BELOW,false
156,2026-07-18 16:45,2026-07-19 01:45,18030,18066,37,0.1265,0.1262,0.237,0,8.927,12.71,UP,1,3,18030,2026-07-18 16:45,0,18032,2026-07-18 17:15,0.1264,0.667,2,-1,1.45,true,18033,2026-07-18 17:30,0.1267,0,0,true,true,ABOVE,false
157,2026-07-19 02:00,2026-07-19 15:45,18067,18122,56,0.1272,0.1271,0.078,0,46.426,14.04,UP,1,1,18068,2026-07-19 02:15,1,18068,2026-07-19 02:15,0.1271,0,1,-1,0.72,true,18069,2026-07-19 02:30,0.1273,0.55,0.71,true,true,BELOW,false
158,2026-07-19 16:00,2026-07-19 20:15,18123,18140,18,0.1253,0.1252,0.08,0,8.788,10.75,UP,1,1,18123,2026-07-19 16:00,0,18123,2026-07-19 16:00,0.1252,0,0,-1,0.81,true,18124,2026-07-19 16:15,0.1256,1.44,2,false,true,BELOW,false
159,2026-07-19 20:30,2026-07-21 05:00,18141,18271,131,0.1249,0.1246,0.244,0,55.39,14.97,DOWN,1,2,18175,2026-07-20 05:00,34,18176,2026-07-20 05:15,0.1246,0,35,-1,1.12,true,18177,2026-07-20 05:30,0.1245,0.48,0.48,true,true,OVERLAP,false
160,2026-07-21 05:15,2026-07-22 08:45,18272,18382,111,0.1249,0.1243,0.477,1,17.207,16.36,BYPASS,0,0,,,,,,,,,,,,,,,,,,,ABOVE,false
161,2026-07-22 09:00,2026-07-22 18:00,18383,18419,37,0.1277,0.1276,0.078,0,20.592,27,DOWN,1,1,18397,2026-07-22 12:30,14,18397,2026-07-22 12:30,0.1277,1,14,-1,1.31,true,18398,2026-07-22 12:45,0.1275,0.16,0.16,true,true,ABOVE,false
162,2026-07-22 18:15,2026-07-23 00:45,18420,18446,27,0.1285,0.1282,0.234,0,16.573,49.25,DOWN,1,1,18442,2026-07-22 23:45,22,18442,2026-07-22 23:45,0.1283,0.333,22,-1,0.78,true,18443,2026-07-23 00:00,0.1279,0.78,1.48,true,true,OVERLAP,false
163,2026-07-23 01:00,2026-07-23 07:45,18447,18474,28,0.1285,0.1281,0.313,1,7.506,11.67,BYPASS,0,0,,,,,,,,,,,,,,,,,,,BELOW,false
164,2026-07-23 08:00,2026-07-24 12:45,18475,18590,116,0.1267,0.1263,0.316,0,7.637,10.98,UP,1,1,18475,2026-07-23 08:00,0,18475,2026-07-23 08:00,0.1266,0.75,0,-1,1.85,true,18476,2026-07-23 08:15,0.1268,0.16,0.71,true,true,ABOVE,false
165,2026-07-24 13:00,2026-07-24 23:30,18591,18633,43,0.1278,0.1271,0.56,0,19.403,10.49,BYPASS,0,0,,,,,,,,,,,,,,,,,,,BELOW,false
166,2026-07-24 23:45,2026-07-25 23:00,18634,18727,94,0.1232,0.123,0.162,0,8.76,20.69,UP,1,1,18635,2026-07-25 00:00,1,18635,2026-07-25 00:00,0.1232,1,1,-1,2.7,true,18636,2026-07-25 00:15,0.1234,0,0,true,true,ABOVE,false
167,2026-07-25 23:15,2026-07-26 09:15,18728,18768,41,0.1246,0.1244,0.161,0,10.708,13.6,UP,1,6,18736,2026-07-26 01:15,8,18741,2026-07-26 02:30,0.1246,1,13,1,0.59,true,18742,2026-07-26 02:45,0.1248,0,0,true,true,ABOVE,false
168,2026-07-26 09:30,2026-07-26 19:15,18769,18808,40,0.1261,0.1259,0.158,0,10.476,17.8,UP,1,1,18784,2026-07-26 13:15,15,18784,2026-07-26 13:15,0.1261,1,15,1,0.73,true,18785,2026-07-26 13:30,0.1266,0,0,true,true,ABOVE,false
169,2026-07-26 19:30,2026-07-27 11:45,18809,18874,66,0.1265,0.1264,0.079,0,43.198,26.93,UP,1,5,18809,2026-07-26 19:30,0,18813,2026-07-26 20:30,0.1265,1,4,1,0.92,true,18814,2026-07-26 20:45,0.1266,0,0.79,true,true,BELOW,false
170,2026-07-27 12:00,2026-07-27 22:15,18875,18916,42,0.1261,0.1258,0.239,0,7.911,11.52,DOWN,1,1,18881,2026-07-27 13:30,6,18881,2026-07-27 13:30,0.1258,0,6,-1,4,true,18882,2026-07-27 13:45,0.125,3.34,3.5,false,false,BELOW,false
171,2026-07-27 22:30,2026-07-28 13:15,18917,18976,60,0.1213,0.1208,0.418,0,11.309,12.67,BYPASS,0,0,,,,,,,,,,,,,,,,,,,BELOW,false
172,2026-07-28 13:30,2026-07-28 23:45,18977,19018,42,0.1168,0.1163,0.435,0,23.29,25.31,UP,1,1,18984,2026-07-28 15:15,7,18984,2026-07-28 15:15,0.1167,0.8,7,-1,1.38,true,18985,2026-07-28 15:30,0.117,1.81,1.81,true,true,BELOW,false
173,2026-07-29 00:00,2026-07-29 03:15,19019,19032,14,0.1149,0.1145,0.349,0,13.526,12.44,UP,1,2,19019,2026-07-29 00:00,0,19020,2026-07-29 00:15,0.1147,0.5,1,-1,1.14,true,19021,2026-07-29 00:30,0.115,1.31,3.84,true,true,BELOW,false
174,2026-07-29 03:30,2026-07-29 13:30,19033,19073,41,0.1136,0.1128,0.715,0,11.381,18.39,BYPASS,0,0,,,,,,,,,,,,,,,,,,,BELOW,false
175,2026-07-29 13:45,2026-07-30 18:15,19074,19188,115,0.112,0.1114,0.544,0,18.175,18.49,BYPASS,0,0,,,,,,,,,,,,,,,,,,,BELOW,false
176,2026-07-30 18:30,2026-07-31 09:45,19189,19250,62,0.1099,0.1095,0.369,0,28.178,25.69,UP,1,2,19196,2026-07-30 20:15,7,19197,2026-07-30 20:30,0.1097,0.5,8,1,0.32,true,19198,2026-07-30 20:45,0.1101,0.64,2.1,true,true,BELOW,false
177,2026-07-31 10:00,2026-07-31 15:30,19251,19273,23,0.1068,0.1063,0.475,0,6.758,10.73,DOWN,1,3,19262,2026-07-31 12:45,11,19264,2026-07-31 13:15,0.1063,0,13,-1,0.32,true,19265,2026-07-31 13:30,0.1059,1.32,1.32,true,true,OVERLAP,false
178,2026-07-31 15:45,2026-08-01 14:30,19274,19365,92,0.1068,0.1059,0.853,1,8.131,10.47,DOWN,1,2,19275,2026-07-31 16:00,1,19276,2026-07-31 16:15,0.1059,0,2,-1,0.31,true,19277,2026-07-31 16:30,0.1055,0.38,0.47,true,true,ABOVE,false
179,2026-08-01 14:45,2026-08-02 22:45,19366,19494,129,0.1092,0.109,0.183,0,19.733,16.02,UP,1,2,19366,2026-08-01 14:45,0,19367,2026-08-01 15:00,0.1092,1,1,1,0.19,true,19368,2026-08-01 15:15,0.1095,0.46,1.93,true,true,ABOVE,false
180,2026-08-02 23:00,2026-08-03 18:00,19495,19571,77,0.1106,0.1103,0.272,0,11.298,14.15,UP,1,2,19495,2026-08-02 23:00,0,19496,2026-08-02 23:15,0.1106,1,1,1,0.95,true,19497,2026-08-02 23:30,0.1112,1.45,1.45,true,true,ABOVE,false
181,2026-08-03 18:15,2026-08-04 08:00,19572,19627,56,0.1131,0.1126,0.448,0,16.231,25.69,BYPASS,0,0,,,,,,,,,,,,,,,,,,,BELOW,false
182,2026-08-04 08:15,2026-08-04 12:00,19628,19643,16,0.1105,0.1102,0.272,0,8.876,12.24,DOWN,1,1,19628,2026-08-04 08:15,0,19628,2026-08-04 08:15,0.1103,0.333,0,-1,3.71,true,19629,2026-08-04 08:30,0.1101,0.45,3.99,false,false,BELOW,false
183,2026-08-04 12:15,2026-08-05 10:30,19644,19733,90,0.1101,0.1099,0.183,0,79.619,55.9,DOWN,1,1,19649,2026-08-04 13:30,5,19649,2026-08-04 13:30,0.1101,1,5,-1,0.7,true,19650,2026-08-04 13:45,0.1092,1.27,1.27,false,true,OVERLAP,false
184,2026-08-05 10:45,2026-08-06 23:45,19734,19882,149,0.1101,0.1098,0.274,1,28.68,29.9,UP,1,1,19739,2026-08-05 12:00,5,19739,2026-08-05 12:00,0.1099,0.333,5,1,0.71,true,19740,2026-08-05 12:15,0.1105,0.36,0.36,true,true,ABOVE,false
185,2026-08-07 00:00,2026-08-07 10:45,19883,19926,44,0.1105,0.1102,0.271,0,11.038,23.44,UP,1,1,19901,2026-08-07 04:30,18,19901,2026-08-07 04:30,0.1105,1,18,1,2.01,true,19902,2026-08-07 04:45,0.1106,0,0,true,true,OVERLAP,false
186,2026-08-07 11:00,2026-08-07 23:45,19927,19978,52,0.1106,0.1102,0.361,1,31.632,48.46,UP,1,1,19930,2026-08-07 11:45,3,19930,2026-08-07 11:45,0.1104,0.5,3,1,0.45,true,19931,2026-08-07 12:00,0.1109,0.18,0.91,true,true,BELOW,false
187,2026-08-08 00:00,2026-08-08 05:00,19979,19999,21,0.1094,0.1093,0.091,0,72.169,23.49,DOWN,1,2,19979,2026-08-08 00:00,0,19980,2026-08-08 00:15,0.1093,0,1,-1,1.63,true,19981,2026-08-08 00:30,0.1092,0.09,0.09,true,true,,true